image_path,lat,lon,country,continent,city,size
/home/user/data/geoclip/-0.0110533712431788_37.56660461425781_kenya_1.png,-0.0110533712431788,37.56660461425781,kenya,Africa,,150845
/home/user/data/geoclip/-0.0110533712431788_37.56660461425781_kenya_2.png,-0.0110533712431788,37.56660461425781,kenya,Africa,,85142
/home/user/data/geoclip/-0.0110533712431788_37.56660461425781_kenya_3.png,-0.0110533712431788,37.56660461425781,kenya,Africa,,105173
/home/user/data/geoclip/-0.0110533712431788_37.56660461425781_kenya_4.png,-0.0110533712431788,37.56660461425781,kenya,Africa,,90801
/home/user/data/geoclip/-0.0216325893998146_36.36164093017578_kenya_1.png,-0.0216325893998146,36.36164093017578,kenya,Africa,,54738
/home/user/data/geoclip/-0.0216325893998146_36.36164093017578_kenya_2.png,-0.0216325893998146,36.36164093017578,kenya,Africa,,68445
/home/user/data/geoclip/-0.0216325893998146_36.36164093017578_kenya_3.png,-0.0216325893998146,36.36164093017578,kenya,Africa,,45249
/home/user/data/geoclip/-0.0216325893998146_36.36164093017578_kenya_4.png,-0.0216325893998146,36.36164093017578,kenya,Africa,,56662
/home/user/data/geoclip/-0.0562596917152404_35.14970397949219_kenya_1.png,-0.0562596917152404,35.14970397949219,kenya,Africa,,55761
/home/user/data/geoclip/-0.0562596917152404_35.14970397949219_kenya_2.png,-0.0562596917152404,35.14970397949219,kenya,Africa,,73118
/home/user/data/geoclip/-0.0562596917152404_35.14970397949219_kenya_3.png,-0.0562596917152404,35.14970397949219,kenya,Africa,,54651
/home/user/data/geoclip/-0.0562596917152404_35.14970397949219_kenya_4.png,-0.0562596917152404,35.14970397949219,kenya,Africa,,49676
/home/user/data/geoclip/-0.074546068906784_-78.44131469726562_ecuador_1.png,-0.074546068906784,-78.44131469726562,ecuador,South America,,75901
/home/user/data/geoclip/-0.074546068906784_-78.44131469726562_ecuador_2.png,-0.074546068906784,-78.44131469726562,ecuador,South America,,98040
/home/user/data/geoclip/-0.074546068906784_-78.44131469726562_ecuador_3.png,-0.074546068906784,-78.44131469726562,ecuador,South America,,78651
/home/user/data/geoclip/-0.074546068906784_-78.44131469726562_ecuador_4.png,-0.074546068906784,-78.44131469726562,ecuador,South America,,75376
/home/user/data/geoclip/-0.0750791803002357_-78.4676513671875_ecuador_1.png,-0.0750791803002357,-78.4676513671875,ecuador,South America,,92044
/home/user/data/geoclip/-0.0750791803002357_-78.4676513671875_ecuador_2.png,-0.0750791803002357,-78.4676513671875,ecuador,South America,,78580
/home/user/data/geoclip/-0.0750791803002357_-78.4676513671875_ecuador_3.png,-0.0750791803002357,-78.4676513671875,ecuador,South America,,84086
/home/user/data/geoclip/-0.0750791803002357_-78.4676513671875_ecuador_4.png,-0.0750791803002357,-78.4676513671875,ecuador,South America,,82916
/home/user/data/geoclip/-0.0837195292115211_34.77406692504883_kenya_1.png,-0.0837195292115211,34.77406692504883,kenya,Africa,,60830
/home/user/data/geoclip/-0.0837195292115211_34.77406692504883_kenya_2.png,-0.0837195292115211,34.77406692504883,kenya,Africa,,72856
/home/user/data/geoclip/-0.0837195292115211_34.77406692504883_kenya_3.png,-0.0837195292115211,34.77406692504883,kenya,Africa,,45729
/home/user/data/geoclip/-0.0837195292115211_34.77406692504883_kenya_4.png,-0.0837195292115211,34.77406692504883,kenya,Africa,,54389
/home/user/data/geoclip/-0.0864919647574424_34.77789688110352_kenya_1.png,-0.0864919647574424,34.77789688110352,kenya,Africa,,74645
/home/user/data/geoclip/-0.0864919647574424_34.77789688110352_kenya_2.png,-0.0864919647574424,34.77789688110352,kenya,Africa,,36417
/home/user/data/geoclip/-0.0864919647574424_34.77789688110352_kenya_3.png,-0.0864919647574424,34.77789688110352,kenya,Africa,,73285
/home/user/data/geoclip/-0.0864919647574424_34.77789688110352_kenya_4.png,-0.0864919647574424,34.77789688110352,kenya,Africa,,61891
/home/user/data/geoclip/-0.096050426363945_34.759620666503906_kenya_1.png,-0.096050426363945,34.759620666503906,kenya,Africa,,57173
/home/user/data/geoclip/-0.096050426363945_34.759620666503906_kenya_2.png,-0.096050426363945,34.759620666503906,kenya,Africa,,82386
/home/user/data/geoclip/-0.096050426363945_34.759620666503906_kenya_3.png,-0.096050426363945,34.759620666503906,kenya,Africa,,86685
/home/user/data/geoclip/-0.096050426363945_34.759620666503906_kenya_4.png,-0.096050426363945,34.759620666503906,kenya,Africa,,40439
/home/user/data/geoclip/-0.0988104119896888_34.76042175292969_kenya_1.png,-0.0988104119896888,34.76042175292969,kenya,Africa,,63300
/home/user/data/geoclip/-0.0988104119896888_34.76042175292969_kenya_2.png,-0.0988104119896888,34.76042175292969,kenya,Africa,,53927
/home/user/data/geoclip/-0.0988104119896888_34.76042175292969_kenya_3.png,-0.0988104119896888,34.76042175292969,kenya,Africa,,69922
/home/user/data/geoclip/-0.0988104119896888_34.76042175292969_kenya_4.png,-0.0988104119896888,34.76042175292969,kenya,Africa,,63403
/home/user/data/geoclip/-0.1057340428233146_-78.43295288085938_ecuador_1.png,-0.1057340428233146,-78.43295288085938,ecuador,South America,,62731
/home/user/data/geoclip/-0.1057340428233146_-78.43295288085938_ecuador_2.png,-0.1057340428233146,-78.43295288085938,ecuador,South America,,75808
/home/user/data/geoclip/-0.1057340428233146_-78.43295288085938_ecuador_3.png,-0.1057340428233146,-78.43295288085938,ecuador,South America,,85223
/home/user/data/geoclip/-0.1057340428233146_-78.43295288085938_ecuador_4.png,-0.1057340428233146,-78.43295288085938,ecuador,South America,,90403
/home/user/data/geoclip/-0.1067288592457771_-78.48826599121094_ecuador_1.png,-0.1067288592457771,-78.48826599121094,ecuador,South America,,82646
/home/user/data/geoclip/-0.1067288592457771_-78.48826599121094_ecuador_2.png,-0.1067288592457771,-78.48826599121094,ecuador,South America,,89857
/home/user/data/geoclip/-0.1067288592457771_-78.48826599121094_ecuador_3.png,-0.1067288592457771,-78.48826599121094,ecuador,South America,,70541
/home/user/data/geoclip/-0.1067288592457771_-78.48826599121094_ecuador_4.png,-0.1067288592457771,-78.48826599121094,ecuador,South America,,94395
/home/user/data/geoclip/-0.1242643371224403_-78.46466064453125_ecuador_1.png,-0.1242643371224403,-78.46466064453125,ecuador,South America,,73719
/home/user/data/geoclip/-0.1242643371224403_-78.46466064453125_ecuador_2.png,-0.1242643371224403,-78.46466064453125,ecuador,South America,,73894
/home/user/data/geoclip/-0.1242643371224403_-78.46466064453125_ecuador_3.png,-0.1242643371224403,-78.46466064453125,ecuador,South America,,81642
/home/user/data/geoclip/-0.1242643371224403_-78.46466064453125_ecuador_4.png,-0.1242643371224403,-78.46466064453125,ecuador,South America,,84445
/home/user/data/geoclip/-0.1318826675415039_-78.46605682373047_ecuador_1.png,-0.1318826675415039,-78.46605682373047,ecuador,South America,,85569
/home/user/data/geoclip/-0.1318826675415039_-78.46605682373047_ecuador_2.png,-0.1318826675415039,-78.46605682373047,ecuador,South America,,86220
/home/user/data/geoclip/-0.1318826675415039_-78.46605682373047_ecuador_3.png,-0.1318826675415039,-78.46605682373047,ecuador,South America,,78854
/home/user/data/geoclip/-0.1318826675415039_-78.46605682373047_ecuador_4.png,-0.1318826675415039,-78.46605682373047,ecuador,South America,,84367
/home/user/data/geoclip/-0.1377668380737304_-78.4823226928711_ecuador_1.png,-0.1377668380737304,-78.4823226928711,ecuador,South America,,110624
/home/user/data/geoclip/-0.1377668380737304_-78.4823226928711_ecuador_2.png,-0.1377668380737304,-78.4823226928711,ecuador,South America,,75790
/home/user/data/geoclip/-0.1377668380737304_-78.4823226928711_ecuador_3.png,-0.1377668380737304,-78.4823226928711,ecuador,South America,,102183
/home/user/data/geoclip/-0.1377668380737304_-78.4823226928711_ecuador_4.png,-0.1377668380737304,-78.4823226928711,ecuador,South America,,150647
/home/user/data/geoclip/-0.1418185532093048_35.88580322265625_kenya_1.png,-0.1418185532093048,35.88580322265625,kenya,Africa,,86916
/home/user/data/geoclip/-0.1418185532093048_35.88580322265625_kenya_2.png,-0.1418185532093048,35.88580322265625,kenya,Africa,,63921
/home/user/data/geoclip/-0.1418185532093048_35.88580322265625_kenya_3.png,-0.1418185532093048,35.88580322265625,kenya,Africa,,81663
/home/user/data/geoclip/-0.1418185532093048_35.88580322265625_kenya_4.png,-0.1418185532093048,35.88580322265625,kenya,Africa,,88089
/home/user/data/geoclip/-0.188582181930542_-78.47029876708984_ecuador_1.png,-0.188582181930542,-78.47029876708984,ecuador,South America,,82255
/home/user/data/geoclip/-0.188582181930542_-78.47029876708984_ecuador_2.png,-0.188582181930542,-78.47029876708984,ecuador,South America,,104443
/home/user/data/geoclip/-0.188582181930542_-78.47029876708984_ecuador_3.png,-0.188582181930542,-78.47029876708984,ecuador,South America,,81013
/home/user/data/geoclip/-0.188582181930542_-78.47029876708984_ecuador_4.png,-0.188582181930542,-78.47029876708984,ecuador,South America,,77661
/home/user/data/geoclip/-0.1999897211790084_-78.48998260498047_ecuador_1.png,-0.1999897211790084,-78.48998260498047,ecuador,South America,,73486
/home/user/data/geoclip/-0.1999897211790084_-78.48998260498047_ecuador_2.png,-0.1999897211790084,-78.48998260498047,ecuador,South America,,75026
/home/user/data/geoclip/-0.1999897211790084_-78.48998260498047_ecuador_3.png,-0.1999897211790084,-78.48998260498047,ecuador,South America,,91148
/home/user/data/geoclip/-0.1999897211790084_-78.48998260498047_ecuador_4.png,-0.1999897211790084,-78.48998260498047,ecuador,South America,,106598
/home/user/data/geoclip/-0.2016606330871582_-78.48762512207031_ecuador_1.png,-0.2016606330871582,-78.48762512207031,ecuador,South America,,118586
/home/user/data/geoclip/-0.2016606330871582_-78.48762512207031_ecuador_2.png,-0.2016606330871582,-78.48762512207031,ecuador,South America,,89452
/home/user/data/geoclip/-0.2016606330871582_-78.48762512207031_ecuador_3.png,-0.2016606330871582,-78.48762512207031,ecuador,South America,,82991
/home/user/data/geoclip/-0.2016606330871582_-78.48762512207031_ecuador_4.png,-0.2016606330871582,-78.48762512207031,ecuador,South America,,91178
/home/user/data/geoclip/-0.2104074954986572_38.34136199951172_kenya_1.png,-0.2104074954986572,38.34136199951172,kenya,Africa,,82806
/home/user/data/geoclip/-0.2104074954986572_38.34136199951172_kenya_2.png,-0.2104074954986572,38.34136199951172,kenya,Africa,,61499
/home/user/data/geoclip/-0.2104074954986572_38.34136199951172_kenya_3.png,-0.2104074954986572,38.34136199951172,kenya,Africa,,75145
/home/user/data/geoclip/-0.2104074954986572_38.34136199951172_kenya_4.png,-0.2104074954986572,38.34136199951172,kenya,Africa,,72197
/home/user/data/geoclip/-0.2268913686275482_36.73715972900391_kenya_1.png,-0.2268913686275482,36.73715972900391,kenya,Africa,,100944
/home/user/data/geoclip/-0.2268913686275482_36.73715972900391_kenya_2.png,-0.2268913686275482,36.73715972900391,kenya,Africa,,63747
/home/user/data/geoclip/-0.2268913686275482_36.73715972900391_kenya_3.png,-0.2268913686275482,36.73715972900391,kenya,Africa,,86637
/home/user/data/geoclip/-0.2268913686275482_36.73715972900391_kenya_4.png,-0.2268913686275482,36.73715972900391,kenya,Africa,,73694
/home/user/data/geoclip/-0.2377282977104187_38.00521469116211_kenya_1.png,-0.2377282977104187,38.00521469116211,kenya,Africa,,54164
/home/user/data/geoclip/-0.2377282977104187_38.00521469116211_kenya_2.png,-0.2377282977104187,38.00521469116211,kenya,Africa,,50940
/home/user/data/geoclip/-0.2377282977104187_38.00521469116211_kenya_3.png,-0.2377282977104187,38.00521469116211,kenya,Africa,,51185
/home/user/data/geoclip/-0.2377282977104187_38.00521469116211_kenya_4.png,-0.2377282977104187,38.00521469116211,kenya,Africa,,79216
/home/user/data/geoclip/-0.2392483949661255_-78.54024505615234_ecuador_1.png,-0.2392483949661255,-78.54024505615234,ecuador,South America,,70330
/home/user/data/geoclip/-0.2392483949661255_-78.54024505615234_ecuador_2.png,-0.2392483949661255,-78.54024505615234,ecuador,South America,,54357
/home/user/data/geoclip/-0.2392483949661255_-78.54024505615234_ecuador_3.png,-0.2392483949661255,-78.54024505615234,ecuador,South America,,74152
/home/user/data/geoclip/-0.2392483949661255_-78.54024505615234_ecuador_4.png,-0.2392483949661255,-78.54024505615234,ecuador,South America,,67467
/home/user/data/geoclip/-0.2451464831829071_36.17567443847656_kenya_1.png,-0.2451464831829071,36.17567443847656,kenya,Africa,,94762
/home/user/data/geoclip/-0.2451464831829071_36.17567443847656_kenya_2.png,-0.2451464831829071,36.17567443847656,kenya,Africa,,85700
/home/user/data/geoclip/-0.2451464831829071_36.17567443847656_kenya_3.png,-0.2451464831829071,36.17567443847656,kenya,Africa,,97006
/home/user/data/geoclip/-0.2451464831829071_36.17567443847656_kenya_4.png,-0.2451464831829071,36.17567443847656,kenya,Africa,,60611
/home/user/data/geoclip/-0.2598684728145599_-79.22350311279297_ecuador_1.png,-0.2598684728145599,-79.22350311279297,ecuador,South America,,106806
/home/user/data/geoclip/-0.2598684728145599_-79.22350311279297_ecuador_2.png,-0.2598684728145599,-79.22350311279297,ecuador,South America,,76021
/home/user/data/geoclip/-0.2598684728145599_-79.22350311279297_ecuador_3.png,-0.2598684728145599,-79.22350311279297,ecuador,South America,,112256
/home/user/data/geoclip/-0.2598684728145599_-79.22350311279297_ecuador_4.png,-0.2598684728145599,-79.22350311279297,ecuador,South America,,92666
/home/user/data/geoclip/-0.264878511428833_36.02236557006836_kenya_1.png,-0.264878511428833,36.02236557006836,kenya,Africa,,77978
/home/user/data/geoclip/-0.264878511428833_36.02236557006836_kenya_2.png,-0.264878511428833,36.02236557006836,kenya,Africa,,73158
/home/user/data/geoclip/-0.264878511428833_36.02236557006836_kenya_3.png,-0.264878511428833,36.02236557006836,kenya,Africa,,48328
/home/user/data/geoclip/-0.264878511428833_36.02236557006836_kenya_4.png,-0.264878511428833,36.02236557006836,kenya,Africa,,62886
/home/user/data/geoclip/-0.269178181886673_36.10103988647461_kenya_1.png,-0.269178181886673,36.10103988647461,kenya,Africa,,82673
/home/user/data/geoclip/-0.269178181886673_36.10103988647461_kenya_2.png,-0.269178181886673,36.10103988647461,kenya,Africa,,112571
/home/user/data/geoclip/-0.269178181886673_36.10103988647461_kenya_3.png,-0.269178181886673,36.10103988647461,kenya,Africa,,71180
/home/user/data/geoclip/-0.269178181886673_36.10103988647461_kenya_4.png,-0.269178181886673,36.10103988647461,kenya,Africa,,102270
/home/user/data/geoclip/-0.2778862118721008_36.12810897827149_kenya_1.png,-0.2778862118721008,36.12810897827149,kenya,Africa,,50707
/home/user/data/geoclip/-0.2778862118721008_36.12810897827149_kenya_2.png,-0.2778862118721008,36.12810897827149,kenya,Africa,,54899
/home/user/data/geoclip/-0.2778862118721008_36.12810897827149_kenya_3.png,-0.2778862118721008,36.12810897827149,kenya,Africa,,69503
/home/user/data/geoclip/-0.2778862118721008_36.12810897827149_kenya_4.png,-0.2778862118721008,36.12810897827149,kenya,Africa,,60833
/home/user/data/geoclip/-0.279681533575058_-78.56537628173828_ecuador_1.png,-0.279681533575058,-78.56537628173828,ecuador,South America,,52597
/home/user/data/geoclip/-0.279681533575058_-78.56537628173828_ecuador_2.png,-0.279681533575058,-78.56537628173828,ecuador,South America,,50890
/home/user/data/geoclip/-0.279681533575058_-78.56537628173828_ecuador_3.png,-0.279681533575058,-78.56537628173828,ecuador,South America,,43785
/home/user/data/geoclip/-0.279681533575058_-78.56537628173828_ecuador_4.png,-0.279681533575058,-78.56537628173828,ecuador,South America,,49975
/home/user/data/geoclip/-0.3089839518070221_-78.53987884521484_ecuador_1.png,-0.3089839518070221,-78.53987884521484,ecuador,South America,,94989
/home/user/data/geoclip/-0.3089839518070221_-78.53987884521484_ecuador_2.png,-0.3089839518070221,-78.53987884521484,ecuador,South America,,93666
/home/user/data/geoclip/-0.3089839518070221_-78.53987884521484_ecuador_3.png,-0.3089839518070221,-78.53987884521484,ecuador,South America,,87268
/home/user/data/geoclip/-0.3089839518070221_-78.53987884521484_ecuador_4.png,-0.3089839518070221,-78.53987884521484,ecuador,South America,,70813
/home/user/data/geoclip/-0.3338196575641632_-78.4405746459961_ecuador_1.png,-0.3338196575641632,-78.4405746459961,ecuador,South America,,97396
/home/user/data/geoclip/-0.3338196575641632_-78.4405746459961_ecuador_2.png,-0.3338196575641632,-78.4405746459961,ecuador,South America,,76660
/home/user/data/geoclip/-0.3338196575641632_-78.4405746459961_ecuador_3.png,-0.3338196575641632,-78.4405746459961,ecuador,South America,,71507
/home/user/data/geoclip/-0.3338196575641632_-78.4405746459961_ecuador_4.png,-0.3338196575641632,-78.4405746459961,ecuador,South America,,71846
/home/user/data/geoclip/-0.3347497880458832_35.96876525878906_kenya_1.png,-0.3347497880458832,35.96876525878906,kenya,Africa,,55245
/home/user/data/geoclip/-0.3347497880458832_35.96876525878906_kenya_2.png,-0.3347497880458832,35.96876525878906,kenya,Africa,,98619
/home/user/data/geoclip/-0.3347497880458832_35.96876525878906_kenya_3.png,-0.3347497880458832,35.96876525878906,kenya,Africa,,58706
/home/user/data/geoclip/-0.3347497880458832_35.96876525878906_kenya_4.png,-0.3347497880458832,35.96876525878906,kenya,Africa,,57080
/home/user/data/geoclip/-0.3605988919734955_-78.3714370727539_ecuador_1.png,-0.3605988919734955,-78.3714370727539,ecuador,South America,,116218
/home/user/data/geoclip/-0.3605988919734955_-78.3714370727539_ecuador_2.png,-0.3605988919734955,-78.3714370727539,ecuador,South America,,96569
/home/user/data/geoclip/-0.3605988919734955_-78.3714370727539_ecuador_3.png,-0.3605988919734955,-78.3714370727539,ecuador,South America,,132212
/home/user/data/geoclip/-0.3605988919734955_-78.3714370727539_ecuador_4.png,-0.3605988919734955,-78.3714370727539,ecuador,South America,,107771
/home/user/data/geoclip/-0.4023111164569855_36.066890716552734_kenya_1.png,-0.4023111164569855,36.066890716552734,kenya,Africa,,93122
/home/user/data/geoclip/-0.4023111164569855_36.066890716552734_kenya_2.png,-0.4023111164569855,36.066890716552734,kenya,Africa,,92156
/home/user/data/geoclip/-0.4023111164569855_36.066890716552734_kenya_3.png,-0.4023111164569855,36.066890716552734,kenya,Africa,,95878
/home/user/data/geoclip/-0.4023111164569855_36.066890716552734_kenya_4.png,-0.4023111164569855,36.066890716552734,kenya,Africa,,102706
/home/user/data/geoclip/-0.4237855970859527_36.95137405395508_kenya_1.png,-0.4237855970859527,36.95137405395508,kenya,Africa,,57356
/home/user/data/geoclip/-0.4237855970859527_36.95137405395508_kenya_2.png,-0.4237855970859527,36.95137405395508,kenya,Africa,,59389
/home/user/data/geoclip/-0.4237855970859527_36.95137405395508_kenya_3.png,-0.4237855970859527,36.95137405395508,kenya,Africa,,97627
/home/user/data/geoclip/-0.4237855970859527_36.95137405395508_kenya_4.png,-0.4237855970859527,36.95137405395508,kenya,Africa,,86687
/home/user/data/geoclip/-0.4305979311466217_36.96062850952149_kenya_1.png,-0.4305979311466217,36.96062850952149,kenya,Africa,,67897
/home/user/data/geoclip/-0.4305979311466217_36.96062850952149_kenya_2.png,-0.4305979311466217,36.96062850952149,kenya,Africa,,80114
/home/user/data/geoclip/-0.4305979311466217_36.96062850952149_kenya_3.png,-0.4305979311466217,36.96062850952149,kenya,Africa,,68534
/home/user/data/geoclip/-0.4305979311466217_36.96062850952149_kenya_4.png,-0.4305979311466217,36.96062850952149,kenya,Africa,,75667
/home/user/data/geoclip/-0.4581484496593475_35.198543548583984_kenya_1.png,-0.4581484496593475,35.198543548583984,kenya,Africa,,65355
/home/user/data/geoclip/-0.4581484496593475_35.198543548583984_kenya_2.png,-0.4581484496593475,35.198543548583984,kenya,Africa,,85256
/home/user/data/geoclip/-0.4581484496593475_35.198543548583984_kenya_3.png,-0.4581484496593475,35.198543548583984,kenya,Africa,,86287
/home/user/data/geoclip/-0.4581484496593475_35.198543548583984_kenya_4.png,-0.4581484496593475,35.198543548583984,kenya,Africa,,79298
/home/user/data/geoclip/-0.4922521710395813_34.516136169433594_kenya_1.png,-0.4922521710395813,34.516136169433594,kenya,Africa,,77275
/home/user/data/geoclip/-0.4922521710395813_34.516136169433594_kenya_2.png,-0.4922521710395813,34.516136169433594,kenya,Africa,,54808
/home/user/data/geoclip/-0.4922521710395813_34.516136169433594_kenya_3.png,-0.4922521710395813,34.516136169433594,kenya,Africa,,75411
/home/user/data/geoclip/-0.4922521710395813_34.516136169433594_kenya_4.png,-0.4922521710395813,34.516136169433594,kenya,Africa,,59606
/home/user/data/geoclip/-0.4953379333019256_37.27100372314453_kenya_1.png,-0.4953379333019256,37.27100372314453,kenya,Africa,,66311
/home/user/data/geoclip/-0.4953379333019256_37.27100372314453_kenya_2.png,-0.4953379333019256,37.27100372314453,kenya,Africa,,60039
/home/user/data/geoclip/-0.4953379333019256_37.27100372314453_kenya_3.png,-0.4953379333019256,37.27100372314453,kenya,Africa,,82531
/home/user/data/geoclip/-0.4953379333019256_37.27100372314453_kenya_4.png,-0.4953379333019256,37.27100372314453,kenya,Africa,,61044
/home/user/data/geoclip/-0.5022539496421814_37.31467819213867_kenya_1.png,-0.5022539496421814,37.31467819213867,kenya,Africa,,106353
/home/user/data/geoclip/-0.5022539496421814_37.31467819213867_kenya_2.png,-0.5022539496421814,37.31467819213867,kenya,Africa,,58245
/home/user/data/geoclip/-0.5022539496421814_37.31467819213867_kenya_3.png,-0.5022539496421814,37.31467819213867,kenya,Africa,,88736
/home/user/data/geoclip/-0.5022539496421814_37.31467819213867_kenya_4.png,-0.5022539496421814,37.31467819213867,kenya,Africa,,103112
/home/user/data/geoclip/-0.5212112665176392_37.45381164550781_kenya_1.png,-0.5212112665176392,37.45381164550781,kenya,Africa,,73407
/home/user/data/geoclip/-0.5212112665176392_37.45381164550781_kenya_2.png,-0.5212112665176392,37.45381164550781,kenya,Africa,,129938
/home/user/data/geoclip/-0.5212112665176392_37.45381164550781_kenya_3.png,-0.5212112665176392,37.45381164550781,kenya,Africa,,51600
/home/user/data/geoclip/-0.5212112665176392_37.45381164550781_kenya_4.png,-0.5212112665176392,37.45381164550781,kenya,Africa,,72408
/home/user/data/geoclip/-0.5329132676124573_34.72760391235352_kenya_1.png,-0.5329132676124573,34.72760391235352,kenya,Africa,,57451
/home/user/data/geoclip/-0.5329132676124573_34.72760391235352_kenya_2.png,-0.5329132676124573,34.72760391235352,kenya,Africa,,57010
/home/user/data/geoclip/-0.5329132676124573_34.72760391235352_kenya_3.png,-0.5329132676124573,34.72760391235352,kenya,Africa,,71742
/home/user/data/geoclip/-0.5329132676124573_34.72760391235352_kenya_4.png,-0.5329132676124573,34.72760391235352,kenya,Africa,,55709
/home/user/data/geoclip/-0.5641674399375916_37.01461410522461_kenya_1.png,-0.5641674399375916,37.01461410522461,kenya,Africa,,92081
/home/user/data/geoclip/-0.5641674399375916_37.01461410522461_kenya_2.png,-0.5641674399375916,37.01461410522461,kenya,Africa,,76878
/home/user/data/geoclip/-0.5641674399375916_37.01461410522461_kenya_3.png,-0.5641674399375916,37.01461410522461,kenya,Africa,,96428
/home/user/data/geoclip/-0.5641674399375916_37.01461410522461_kenya_4.png,-0.5641674399375916,37.01461410522461,kenya,Africa,,71651
/home/user/data/geoclip/-0.574551522731781_37.326602935791016_kenya_1.png,-0.574551522731781,37.326602935791016,kenya,Africa,,55196
/home/user/data/geoclip/-0.574551522731781_37.326602935791016_kenya_2.png,-0.574551522731781,37.326602935791016,kenya,Africa,,67343
/home/user/data/geoclip/-0.574551522731781_37.326602935791016_kenya_3.png,-0.574551522731781,37.326602935791016,kenya,Africa,,62867
/home/user/data/geoclip/-0.574551522731781_37.326602935791016_kenya_4.png,-0.574551522731781,37.326602935791016,kenya,Africa,,71337
/home/user/data/geoclip/-0.6132305860519409_37.11922454833984_kenya_1.png,-0.6132305860519409,37.11922454833984,kenya,Africa,,88675
/home/user/data/geoclip/-0.6132305860519409_37.11922454833984_kenya_2.png,-0.6132305860519409,37.11922454833984,kenya,Africa,,76687
/home/user/data/geoclip/-0.6132305860519409_37.11922454833984_kenya_3.png,-0.6132305860519409,37.11922454833984,kenya,Africa,,85641
/home/user/data/geoclip/-0.6132305860519409_37.11922454833984_kenya_4.png,-0.6132305860519409,37.11922454833984,kenya,Africa,,81424
/home/user/data/geoclip/-0.6179257035255432_37.20184326171875_kenya_1.png,-0.6179257035255432,37.20184326171875,kenya,Africa,,53350
/home/user/data/geoclip/-0.6179257035255432_37.20184326171875_kenya_2.png,-0.6179257035255432,37.20184326171875,kenya,Africa,,49239
/home/user/data/geoclip/-0.6179257035255432_37.20184326171875_kenya_3.png,-0.6179257035255432,37.20184326171875,kenya,Africa,,41674
/home/user/data/geoclip/-0.6179257035255432_37.20184326171875_kenya_4.png,-0.6179257035255432,37.20184326171875,kenya,Africa,,86154
/home/user/data/geoclip/-0.6401695609092712_34.27766799926758_kenya_1.png,-0.6401695609092712,34.27766799926758,kenya,Africa,,73633
/home/user/data/geoclip/-0.6401695609092712_34.27766799926758_kenya_2.png,-0.6401695609092712,34.27766799926758,kenya,Africa,,61407
/home/user/data/geoclip/-0.6401695609092712_34.27766799926758_kenya_3.png,-0.6401695609092712,34.27766799926758,kenya,Africa,,71753
/home/user/data/geoclip/-0.6401695609092712_34.27766799926758_kenya_4.png,-0.6401695609092712,34.27766799926758,kenya,Africa,,63720
/home/user/data/geoclip/-0.6577486395835876_36.95806121826172_kenya_1.png,-0.6577486395835876,36.95806121826172,kenya,Africa,,70619
/home/user/data/geoclip/-0.6577486395835876_36.95806121826172_kenya_2.png,-0.6577486395835876,36.95806121826172,kenya,Africa,,88709
/home/user/data/geoclip/-0.6577486395835876_36.95806121826172_kenya_3.png,-0.6577486395835876,36.95806121826172,kenya,Africa,,76054
/home/user/data/geoclip/-0.6577486395835876_36.95806121826172_kenya_4.png,-0.6577486395835876,36.95806121826172,kenya,Africa,,112690
/home/user/data/geoclip/-0.6857318878173828_-80.3321304321289_ecuador_1.png,-0.6857318878173828,-80.3321304321289,ecuador,South America,,66617
/home/user/data/geoclip/-0.6857318878173828_-80.3321304321289_ecuador_2.png,-0.6857318878173828,-80.3321304321289,ecuador,South America,,56262
/home/user/data/geoclip/-0.6857318878173828_-80.3321304321289_ecuador_3.png,-0.6857318878173828,-80.3321304321289,ecuador,South America,,81031
/home/user/data/geoclip/-0.6857318878173828_-80.3321304321289_ecuador_4.png,-0.6857318878173828,-80.3321304321289,ecuador,South America,,67857
/home/user/data/geoclip/-0.7026283740997314_-80.0965805053711_ecuador_1.png,-0.7026283740997314,-80.0965805053711,ecuador,South America,,66826
/home/user/data/geoclip/-0.7026283740997314_-80.0965805053711_ecuador_2.png,-0.7026283740997314,-80.0965805053711,ecuador,South America,,53821
/home/user/data/geoclip/-0.7026283740997314_-80.0965805053711_ecuador_3.png,-0.7026283740997314,-80.0965805053711,ecuador,South America,,57260
/home/user/data/geoclip/-0.7026283740997314_-80.0965805053711_ecuador_4.png,-0.7026283740997314,-80.0965805053711,ecuador,South America,,63677
/home/user/data/geoclip/-0.7047114372253418_36.97711181640625_kenya_1.png,-0.7047114372253418,36.97711181640625,kenya,Africa,,91400
/home/user/data/geoclip/-0.7047114372253418_36.97711181640625_kenya_2.png,-0.7047114372253418,36.97711181640625,kenya,Africa,,82484
/home/user/data/geoclip/-0.7047114372253418_36.97711181640625_kenya_3.png,-0.7047114372253418,36.97711181640625,kenya,Africa,,60362
/home/user/data/geoclip/-0.7047114372253418_36.97711181640625_kenya_4.png,-0.7047114372253418,36.97711181640625,kenya,Africa,,63120
/home/user/data/geoclip/-0.7114725112915039_36.42909240722656_kenya_1.png,-0.7114725112915039,36.42909240722656,kenya,Africa,,87681
/home/user/data/geoclip/-0.7114725112915039_36.42909240722656_kenya_2.png,-0.7114725112915039,36.42909240722656,kenya,Africa,,114486
/home/user/data/geoclip/-0.7114725112915039_36.42909240722656_kenya_3.png,-0.7114725112915039,36.42909240722656,kenya,Africa,,71430
/home/user/data/geoclip/-0.7114725112915039_36.42909240722656_kenya_4.png,-0.7114725112915039,36.42909240722656,kenya,Africa,,65680
/home/user/data/geoclip/-0.7146639823913574_37.14717864990234_kenya_1.png,-0.7146639823913574,37.14717864990234,kenya,Africa,,85155
/home/user/data/geoclip/-0.7146639823913574_37.14717864990234_kenya_2.png,-0.7146639823913574,37.14717864990234,kenya,Africa,,117093
/home/user/data/geoclip/-0.7146639823913574_37.14717864990234_kenya_3.png,-0.7146639823913574,37.14717864990234,kenya,Africa,,107462
/home/user/data/geoclip/-0.7146639823913574_37.14717864990234_kenya_4.png,-0.7146639823913574,37.14717864990234,kenya,Africa,,131968
/home/user/data/geoclip/-0.7212381958961487_36.96883773803711_kenya_1.png,-0.7212381958961487,36.96883773803711,kenya,Africa,,85800
/home/user/data/geoclip/-0.7212381958961487_36.96883773803711_kenya_2.png,-0.7212381958961487,36.96883773803711,kenya,Africa,,83426
/home/user/data/geoclip/-0.7212381958961487_36.96883773803711_kenya_3.png,-0.7212381958961487,36.96883773803711,kenya,Africa,,59612
/home/user/data/geoclip/-0.7212381958961487_36.96883773803711_kenya_4.png,-0.7212381958961487,36.96883773803711,kenya,Africa,,90876
/home/user/data/geoclip/-0.7413504719734192_-78.6103515625_ecuador_1.png,-0.7413504719734192,-78.6103515625,ecuador,South America,,57601
/home/user/data/geoclip/-0.7413504719734192_-78.6103515625_ecuador_2.png,-0.7413504719734192,-78.6103515625,ecuador,South America,,74132
/home/user/data/geoclip/-0.7413504719734192_-78.6103515625_ecuador_3.png,-0.7413504719734192,-78.6103515625,ecuador,South America,,58333
/home/user/data/geoclip/-0.7413504719734192_-78.6103515625_ecuador_4.png,-0.7413504719734192,-78.6103515625,ecuador,South America,,70173
/home/user/data/geoclip/-0.7863352298736572_38.32728958129883_kenya_1.png,-0.7863352298736572,38.32728958129883,kenya,Africa,,73789
/home/user/data/geoclip/-0.7863352298736572_38.32728958129883_kenya_2.png,-0.7863352298736572,38.32728958129883,kenya,Africa,,88448
/home/user/data/geoclip/-0.7863352298736572_38.32728958129883_kenya_3.png,-0.7863352298736572,38.32728958129883,kenya,Africa,,63430
/home/user/data/geoclip/-0.7863352298736572_38.32728958129883_kenya_4.png,-0.7863352298736572,38.32728958129883,kenya,Africa,,74711
/home/user/data/geoclip/-0.7990670204162598_37.66782379150391_kenya_1.png,-0.7990670204162598,37.66782379150391,kenya,Africa,,74407
/home/user/data/geoclip/-0.7990670204162598_37.66782379150391_kenya_2.png,-0.7990670204162598,37.66782379150391,kenya,Africa,,57377
/home/user/data/geoclip/-0.7990670204162598_37.66782379150391_kenya_3.png,-0.7990670204162598,37.66782379150391,kenya,Africa,,60424
/home/user/data/geoclip/-0.7990670204162598_37.66782379150391_kenya_4.png,-0.7990670204162598,37.66782379150391,kenya,Africa,,66571
/home/user/data/geoclip/-0.8159860968589783_-78.59284210205078_ecuador_1.png,-0.8159860968589783,-78.59284210205078,ecuador,South America,,60094
/home/user/data/geoclip/-0.8159860968589783_-78.59284210205078_ecuador_2.png,-0.8159860968589783,-78.59284210205078,ecuador,South America,,70084
/home/user/data/geoclip/-0.8159860968589783_-78.59284210205078_ecuador_3.png,-0.8159860968589783,-78.59284210205078,ecuador,South America,,61681
/home/user/data/geoclip/-0.8159860968589783_-78.59284210205078_ecuador_4.png,-0.8159860968589783,-78.59284210205078,ecuador,South America,,66678
/home/user/data/geoclip/-0.8208523988723755_37.69574737548828_kenya_1.png,-0.8208523988723755,37.69574737548828,kenya,Africa,,63409
/home/user/data/geoclip/-0.8208523988723755_37.69574737548828_kenya_2.png,-0.8208523988723755,37.69574737548828,kenya,Africa,,76799
/home/user/data/geoclip/-0.8208523988723755_37.69574737548828_kenya_3.png,-0.8208523988723755,37.69574737548828,kenya,Africa,,81190
/home/user/data/geoclip/-0.8208523988723755_37.69574737548828_kenya_4.png,-0.8208523988723755,37.69574737548828,kenya,Africa,,87009
/home/user/data/geoclip/-0.8413743376731873_-80.3420639038086_ecuador_1.png,-0.8413743376731873,-80.3420639038086,ecuador,South America,,36625
/home/user/data/geoclip/-0.8413743376731873_-80.3420639038086_ecuador_2.png,-0.8413743376731873,-80.3420639038086,ecuador,South America,,36119
/home/user/data/geoclip/-0.8413743376731873_-80.3420639038086_ecuador_3.png,-0.8413743376731873,-80.3420639038086,ecuador,South America,,35530
/home/user/data/geoclip/-0.8413743376731873_-80.3420639038086_ecuador_4.png,-0.8413743376731873,-80.3420639038086,ecuador,South America,,38247
/home/user/data/geoclip/-0.8721402883529663_36.55564498901367_kenya_1.png,-0.8721402883529663,36.55564498901367,kenya,Africa,,47809
/home/user/data/geoclip/-0.8721402883529663_36.55564498901367_kenya_2.png,-0.8721402883529663,36.55564498901367,kenya,Africa,,62853
/home/user/data/geoclip/-0.8721402883529663_36.55564498901367_kenya_3.png,-0.8721402883529663,36.55564498901367,kenya,Africa,,45593
/home/user/data/geoclip/-0.8721402883529663_36.55564498901367_kenya_4.png,-0.8721402883529663,36.55564498901367,kenya,Africa,,49683
/home/user/data/geoclip/-0.8884826302528381_36.45901870727539_kenya_1.png,-0.8884826302528381,36.45901870727539,kenya,Africa,,65434
/home/user/data/geoclip/-0.8884826302528381_36.45901870727539_kenya_2.png,-0.8884826302528381,36.45901870727539,kenya,Africa,,70649
/home/user/data/geoclip/-0.8884826302528381_36.45901870727539_kenya_3.png,-0.8884826302528381,36.45901870727539,kenya,Africa,,74480
/home/user/data/geoclip/-0.8884826302528381_36.45901870727539_kenya_4.png,-0.8884826302528381,36.45901870727539,kenya,Africa,,82036
/home/user/data/geoclip/-0.9008668065071106_34.5368537902832_kenya_1.png,-0.9008668065071106,34.5368537902832,kenya,Africa,,100040
/home/user/data/geoclip/-0.9008668065071106_34.5368537902832_kenya_2.png,-0.9008668065071106,34.5368537902832,kenya,Africa,,45625
/home/user/data/geoclip/-0.9008668065071106_34.5368537902832_kenya_3.png,-0.9008668065071106,34.5368537902832,kenya,Africa,,62023
/home/user/data/geoclip/-0.9008668065071106_34.5368537902832_kenya_4.png,-0.9008668065071106,34.5368537902832,kenya,Africa,,89546
/home/user/data/geoclip/-0.9255840182304382_36.72900772094727_kenya_1.png,-0.9255840182304382,36.72900772094727,kenya,Africa,,131290
/home/user/data/geoclip/-0.9255840182304382_36.72900772094727_kenya_2.png,-0.9255840182304382,36.72900772094727,kenya,Africa,,108997
/home/user/data/geoclip/-0.9255840182304382_36.72900772094727_kenya_3.png,-0.9255840182304382,36.72900772094727,kenya,Africa,,159975
/home/user/data/geoclip/-0.9255840182304382_36.72900772094727_kenya_4.png,-0.9255840182304382,36.72900772094727,kenya,Africa,,131810
/home/user/data/geoclip/-0.9270426630973816_37.29829025268555_kenya_1.png,-0.9270426630973816,37.29829025268555,kenya,Africa,,117284
/home/user/data/geoclip/-0.9270426630973816_37.29829025268555_kenya_2.png,-0.9270426630973816,37.29829025268555,kenya,Africa,,76757
/home/user/data/geoclip/-0.9270426630973816_37.29829025268555_kenya_3.png,-0.9270426630973816,37.29829025268555,kenya,Africa,,69809
/home/user/data/geoclip/-0.9270426630973816_37.29829025268555_kenya_4.png,-0.9270426630973816,37.29829025268555,kenya,Africa,,76135
/home/user/data/geoclip/-0.9624005556106568_-80.63672637939453_ecuador_1.png,-0.9624005556106568,-80.63672637939453,ecuador,South America,,54294
/home/user/data/geoclip/-0.9624005556106568_-80.63672637939453_ecuador_2.png,-0.9624005556106568,-80.63672637939453,ecuador,South America,,69264
/home/user/data/geoclip/-0.9624005556106568_-80.63672637939453_ecuador_3.png,-0.9624005556106568,-80.63672637939453,ecuador,South America,,68734
/home/user/data/geoclip/-0.9624005556106568_-80.63672637939453_ecuador_4.png,-0.9624005556106568,-80.63672637939453,ecuador,South America,,78931
/home/user/data/geoclip/-0.9838404059410096_35.538291931152344_kenya_1.png,-0.9838404059410096,35.538291931152344,kenya,Africa,,57136
/home/user/data/geoclip/-0.9838404059410096_35.538291931152344_kenya_2.png,-0.9838404059410096,35.538291931152344,kenya,Africa,,70556
/home/user/data/geoclip/-0.9838404059410096_35.538291931152344_kenya_3.png,-0.9838404059410096,35.538291931152344,kenya,Africa,,66984
/home/user/data/geoclip/-0.9838404059410096_35.538291931152344_kenya_4.png,-0.9838404059410096,35.538291931152344,kenya,Africa,,40065
/home/user/data/geoclip/-0.9993018507957458_-80.72173309326172_ecuador_1.png,-0.9993018507957458,-80.72173309326172,ecuador,South America,,45591
/home/user/data/geoclip/-0.9993018507957458_-80.72173309326172_ecuador_2.png,-0.9993018507957458,-80.72173309326172,ecuador,South America,,59254
/home/user/data/geoclip/-0.9993018507957458_-80.72173309326172_ecuador_3.png,-0.9993018507957458,-80.72173309326172,ecuador,South America,,52749
/home/user/data/geoclip/-0.9993018507957458_-80.72173309326172_ecuador_4.png,-0.9993018507957458,-80.72173309326172,ecuador,South America,,53302
/home/user/data/geoclip/-1.003523588180542_35.63331604003906_kenya_1.png,-1.003523588180542,35.63331604003906,kenya,Africa,,58422
/home/user/data/geoclip/-1.003523588180542_35.63331604003906_kenya_2.png,-1.003523588180542,35.63331604003906,kenya,Africa,,66742
/home/user/data/geoclip/-1.003523588180542_35.63331604003906_kenya_3.png,-1.003523588180542,35.63331604003906,kenya,Africa,,74380
/home/user/data/geoclip/-1.003523588180542_35.63331604003906_kenya_4.png,-1.003523588180542,35.63331604003906,kenya,Africa,,53838
/home/user/data/geoclip/-1.0078599452972412_-79.4518051147461_ecuador_1.png,-1.0078599452972412,-79.4518051147461,ecuador,South America,,43646
/home/user/data/geoclip/-1.0078599452972412_-79.4518051147461_ecuador_2.png,-1.0078599452972412,-79.4518051147461,ecuador,South America,,52298
/home/user/data/geoclip/-1.0078599452972412_-79.4518051147461_ecuador_3.png,-1.0078599452972412,-79.4518051147461,ecuador,South America,,52097
/home/user/data/geoclip/-1.0078599452972412_-79.4518051147461_ecuador_4.png,-1.0078599452972412,-79.4518051147461,ecuador,South America,,35539
/home/user/data/geoclip/-1.0285717248916626_37.895843505859375_kenya_1.png,-1.0285717248916626,37.895843505859375,kenya,Africa,,71949
/home/user/data/geoclip/-1.0285717248916626_37.895843505859375_kenya_2.png,-1.0285717248916626,37.895843505859375,kenya,Africa,,69904
/home/user/data/geoclip/-1.0285717248916626_37.895843505859375_kenya_3.png,-1.0285717248916626,37.895843505859375,kenya,Africa,,51467
/home/user/data/geoclip/-1.0285717248916626_37.895843505859375_kenya_4.png,-1.0285717248916626,37.895843505859375,kenya,Africa,,49094
/home/user/data/geoclip/-1.0299551486968994_-80.01398468017578_ecuador_1.png,-1.0299551486968994,-80.01398468017578,ecuador,South America,,58014
/home/user/data/geoclip/-1.0299551486968994_-80.01398468017578_ecuador_2.png,-1.0299551486968994,-80.01398468017578,ecuador,South America,,61777
/home/user/data/geoclip/-1.0299551486968994_-80.01398468017578_ecuador_3.png,-1.0299551486968994,-80.01398468017578,ecuador,South America,,49282
/home/user/data/geoclip/-1.0299551486968994_-80.01398468017578_ecuador_4.png,-1.0299551486968994,-80.01398468017578,ecuador,South America,,61325
/home/user/data/geoclip/-1.030911207199097_-80.4614028930664_ecuador_1.png,-1.030911207199097,-80.4614028930664,ecuador,South America,,101768
/home/user/data/geoclip/-1.030911207199097_-80.4614028930664_ecuador_2.png,-1.030911207199097,-80.4614028930664,ecuador,South America,,90100
/home/user/data/geoclip/-1.030911207199097_-80.4614028930664_ecuador_3.png,-1.030911207199097,-80.4614028930664,ecuador,South America,,69146
/home/user/data/geoclip/-1.030911207199097_-80.4614028930664_ecuador_4.png,-1.030911207199097,-80.4614028930664,ecuador,South America,,92863
/home/user/data/geoclip/-1.032844066619873_37.07830047607422_kenya_1.png,-1.032844066619873,37.07830047607422,kenya,Africa,,69997
/home/user/data/geoclip/-1.032844066619873_37.07830047607422_kenya_2.png,-1.032844066619873,37.07830047607422,kenya,Africa,,89521
/home/user/data/geoclip/-1.032844066619873_37.07830047607422_kenya_3.png,-1.032844066619873,37.07830047607422,kenya,Africa,,72074
/home/user/data/geoclip/-1.032844066619873_37.07830047607422_kenya_4.png,-1.032844066619873,37.07830047607422,kenya,Africa,,94550
/home/user/data/geoclip/-1.034764051437378_-80.70378875732422_ecuador_1.png,-1.034764051437378,-80.70378875732422,ecuador,South America,,37401
/home/user/data/geoclip/-1.034764051437378_-80.70378875732422_ecuador_2.png,-1.034764051437378,-80.70378875732422,ecuador,South America,,43701
/home/user/data/geoclip/-1.034764051437378_-80.70378875732422_ecuador_3.png,-1.034764051437378,-80.70378875732422,ecuador,South America,,46760
/home/user/data/geoclip/-1.034764051437378_-80.70378875732422_ecuador_4.png,-1.034764051437378,-80.70378875732422,ecuador,South America,,45098
/home/user/data/geoclip/-1.039506912231445_36.36455154418945_kenya_1.png,-1.039506912231445,36.36455154418945,kenya,Africa,,61593
/home/user/data/geoclip/-1.039506912231445_36.36455154418945_kenya_2.png,-1.039506912231445,36.36455154418945,kenya,Africa,,62652
/home/user/data/geoclip/-1.039506912231445_36.36455154418945_kenya_3.png,-1.039506912231445,36.36455154418945,kenya,Africa,,75311
/home/user/data/geoclip/-1.039506912231445_36.36455154418945_kenya_4.png,-1.039506912231445,36.36455154418945,kenya,Africa,,51949
/home/user/data/geoclip/-1.041047215461731_-80.43135833740234_ecuador_1.png,-1.041047215461731,-80.43135833740234,ecuador,South America,,58339
/home/user/data/geoclip/-1.041047215461731_-80.43135833740234_ecuador_2.png,-1.041047215461731,-80.43135833740234,ecuador,South America,,39319
/home/user/data/geoclip/-1.041047215461731_-80.43135833740234_ecuador_3.png,-1.041047215461731,-80.43135833740234,ecuador,South America,,38234
/home/user/data/geoclip/-1.041047215461731_-80.43135833740234_ecuador_4.png,-1.041047215461731,-80.43135833740234,ecuador,South America,,72772
/home/user/data/geoclip/-1.0431158542633057_37.08234024047852_kenya_1.png,-1.0431158542633057,37.08234024047852,kenya,Africa,,46262
/home/user/data/geoclip/-1.0431158542633057_37.08234024047852_kenya_2.png,-1.0431158542633057,37.08234024047852,kenya,Africa,,58182
/home/user/data/geoclip/-1.0431158542633057_37.08234024047852_kenya_3.png,-1.0431158542633057,37.08234024047852,kenya,Africa,,64477
/home/user/data/geoclip/-1.0431158542633057_37.08234024047852_kenya_4.png,-1.0431158542633057,37.08234024047852,kenya,Africa,,72295
/home/user/data/geoclip/-1.0458744764328003_-80.48865509033203_ecuador_1.png,-1.0458744764328003,-80.48865509033203,ecuador,South America,,39495
/home/user/data/geoclip/-1.0458744764328003_-80.48865509033203_ecuador_2.png,-1.0458744764328003,-80.48865509033203,ecuador,South America,,68707
/home/user/data/geoclip/-1.0458744764328003_-80.48865509033203_ecuador_3.png,-1.0458744764328003,-80.48865509033203,ecuador,South America,,53433
/home/user/data/geoclip/-1.0458744764328003_-80.48865509033203_ecuador_4.png,-1.0458744764328003,-80.48865509033203,ecuador,South America,,50937
/home/user/data/geoclip/-1.056867003440857_37.20905685424805_kenya_1.png,-1.056867003440857,37.20905685424805,kenya,Africa,,47527
/home/user/data/geoclip/-1.056867003440857_37.20905685424805_kenya_2.png,-1.056867003440857,37.20905685424805,kenya,Africa,,64087
/home/user/data/geoclip/-1.056867003440857_37.20905685424805_kenya_3.png,-1.056867003440857,37.20905685424805,kenya,Africa,,45028
/home/user/data/geoclip/-1.056867003440857_37.20905685424805_kenya_4.png,-1.056867003440857,37.20905685424805,kenya,Africa,,45654
/home/user/data/geoclip/-1.058655023574829_-80.45985412597656_ecuador_1.png,-1.058655023574829,-80.45985412597656,ecuador,South America,,60102
/home/user/data/geoclip/-1.058655023574829_-80.45985412597656_ecuador_2.png,-1.058655023574829,-80.45985412597656,ecuador,South America,,60649
/home/user/data/geoclip/-1.058655023574829_-80.45985412597656_ecuador_3.png,-1.058655023574829,-80.45985412597656,ecuador,South America,,66520
/home/user/data/geoclip/-1.058655023574829_-80.45985412597656_ecuador_4.png,-1.058655023574829,-80.45985412597656,ecuador,South America,,54547
/home/user/data/geoclip/-1.0613118410110474_37.28105545043945_kenya_1.png,-1.0613118410110474,37.28105545043945,kenya,Africa,,138834
/home/user/data/geoclip/-1.0613118410110474_37.28105545043945_kenya_2.png,-1.0613118410110474,37.28105545043945,kenya,Africa,,98423
/home/user/data/geoclip/-1.0613118410110474_37.28105545043945_kenya_3.png,-1.0613118410110474,37.28105545043945,kenya,Africa,,92736
/home/user/data/geoclip/-1.0613118410110474_37.28105545043945_kenya_4.png,-1.0613118410110474,37.28105545043945,kenya,Africa,,75821
/home/user/data/geoclip/-1.0692309141159058_-80.49144744873047_ecuador_1.png,-1.0692309141159058,-80.49144744873047,ecuador,South America,,38639
/home/user/data/geoclip/-1.0692309141159058_-80.49144744873047_ecuador_2.png,-1.0692309141159058,-80.49144744873047,ecuador,South America,,50957
/home/user/data/geoclip/-1.0692309141159058_-80.49144744873047_ecuador_3.png,-1.0692309141159058,-80.49144744873047,ecuador,South America,,49897
/home/user/data/geoclip/-1.0692309141159058_-80.49144744873047_ecuador_4.png,-1.0692309141159058,-80.49144744873047,ecuador,South America,,37498
/home/user/data/geoclip/-1.0741021633148191_-80.7579345703125_ecuador_1.png,-1.0741021633148191,-80.7579345703125,ecuador,South America,,52593
/home/user/data/geoclip/-1.0741021633148191_-80.7579345703125_ecuador_2.png,-1.0741021633148191,-80.7579345703125,ecuador,South America,,53131
/home/user/data/geoclip/-1.0741021633148191_-80.7579345703125_ecuador_3.png,-1.0741021633148191,-80.7579345703125,ecuador,South America,,55115
/home/user/data/geoclip/-1.0741021633148191_-80.7579345703125_ecuador_4.png,-1.0741021633148191,-80.7579345703125,ecuador,South America,,39801
/home/user/data/geoclip/-1.0760862827301023_36.83802032470703_kenya_1.png,-1.0760862827301023,36.83802032470703,kenya,Africa,,95895
/home/user/data/geoclip/-1.0760862827301023_36.83802032470703_kenya_2.png,-1.0760862827301023,36.83802032470703,kenya,Africa,,71349
/home/user/data/geoclip/-1.0760862827301023_36.83802032470703_kenya_3.png,-1.0760862827301023,36.83802032470703,kenya,Africa,,67186
/home/user/data/geoclip/-1.0760862827301023_36.83802032470703_kenya_4.png,-1.0760862827301023,36.83802032470703,kenya,Africa,,60450
/home/user/data/geoclip/-1.0807929039001465_-79.58435821533203_ecuador_1.png,-1.0807929039001465,-79.58435821533203,ecuador,South America,,57972
/home/user/data/geoclip/-1.0807929039001465_-79.58435821533203_ecuador_2.png,-1.0807929039001465,-79.58435821533203,ecuador,South America,,45943
/home/user/data/geoclip/-1.0807929039001465_-79.58435821533203_ecuador_3.png,-1.0807929039001465,-79.58435821533203,ecuador,South America,,62461
/home/user/data/geoclip/-1.0807929039001465_-79.58435821533203_ecuador_4.png,-1.0807929039001465,-79.58435821533203,ecuador,South America,,47402
/home/user/data/geoclip/-1.0897877216339111_36.94260025024414_kenya_1.png,-1.0897877216339111,36.94260025024414,kenya,Africa,,85094
/home/user/data/geoclip/-1.0897877216339111_36.94260025024414_kenya_2.png,-1.0897877216339111,36.94260025024414,kenya,Africa,,87283
/home/user/data/geoclip/-1.0897877216339111_36.94260025024414_kenya_3.png,-1.0897877216339111,36.94260025024414,kenya,Africa,,77071
/home/user/data/geoclip/-1.0897877216339111_36.94260025024414_kenya_4.png,-1.0897877216339111,36.94260025024414,kenya,Africa,,82954
/home/user/data/geoclip/-1.1021054983139038_36.26548004150391_kenya_1.png,-1.1021054983139038,36.26548004150391,kenya,Africa,,56798
/home/user/data/geoclip/-1.1021054983139038_36.26548004150391_kenya_2.png,-1.1021054983139038,36.26548004150391,kenya,Africa,,36538
/home/user/data/geoclip/-1.1021054983139038_36.26548004150391_kenya_3.png,-1.1021054983139038,36.26548004150391,kenya,Africa,,56030
/home/user/data/geoclip/-1.1021054983139038_36.26548004150391_kenya_4.png,-1.1021054983139038,36.26548004150391,kenya,Africa,,51824
/home/user/data/geoclip/-1.1162453889846802_37.24776840209961_kenya_1.png,-1.1162453889846802,37.24776840209961,kenya,Africa,,94920
/home/user/data/geoclip/-1.1162453889846802_37.24776840209961_kenya_2.png,-1.1162453889846802,37.24776840209961,kenya,Africa,,118066
/home/user/data/geoclip/-1.1162453889846802_37.24776840209961_kenya_3.png,-1.1162453889846802,37.24776840209961,kenya,Africa,,82326
/home/user/data/geoclip/-1.1162453889846802_37.24776840209961_kenya_4.png,-1.1162453889846802,37.24776840209961,kenya,Africa,,82720
/home/user/data/geoclip/-1.157123327255249_36.88882827758789_kenya_1.png,-1.157123327255249,36.88882827758789,kenya,Africa,,87678
/home/user/data/geoclip/-1.157123327255249_36.88882827758789_kenya_2.png,-1.157123327255249,36.88882827758789,kenya,Africa,,48407
/home/user/data/geoclip/-1.157123327255249_36.88882827758789_kenya_3.png,-1.157123327255249,36.88882827758789,kenya,Africa,,50248
/home/user/data/geoclip/-1.157123327255249_36.88882827758789_kenya_4.png,-1.157123327255249,36.88882827758789,kenya,Africa,,47963
/home/user/data/geoclip/-1.163374662399292_36.74723052978516_kenya_1.png,-1.163374662399292,36.74723052978516,kenya,Africa,,94814
/home/user/data/geoclip/-1.163374662399292_36.74723052978516_kenya_2.png,-1.163374662399292,36.74723052978516,kenya,Africa,,73632
/home/user/data/geoclip/-1.163374662399292_36.74723052978516_kenya_3.png,-1.163374662399292,36.74723052978516,kenya,Africa,,83640
/home/user/data/geoclip/-1.163374662399292_36.74723052978516_kenya_4.png,-1.163374662399292,36.74723052978516,kenya,Africa,,65911
/home/user/data/geoclip/-1.1654719114303589_36.64057540893555_kenya_1.png,-1.1654719114303589,36.64057540893555,kenya,Africa,,35531
/home/user/data/geoclip/-1.1654719114303589_36.64057540893555_kenya_2.png,-1.1654719114303589,36.64057540893555,kenya,Africa,,57704
/home/user/data/geoclip/-1.1654719114303589_36.64057540893555_kenya_3.png,-1.1654719114303589,36.64057540893555,kenya,Africa,,69382
/home/user/data/geoclip/-1.1654719114303589_36.64057540893555_kenya_4.png,-1.1654719114303589,36.64057540893555,kenya,Africa,,99625
/home/user/data/geoclip/-1.170325756072998_36.84067916870117_kenya_1.png,-1.170325756072998,36.84067916870117,kenya,Africa,,83698
/home/user/data/geoclip/-1.170325756072998_36.84067916870117_kenya_2.png,-1.170325756072998,36.84067916870117,kenya,Africa,,72315
/home/user/data/geoclip/-1.170325756072998_36.84067916870117_kenya_3.png,-1.170325756072998,36.84067916870117,kenya,Africa,,66901
/home/user/data/geoclip/-1.170325756072998_36.84067916870117_kenya_4.png,-1.170325756072998,36.84067916870117,kenya,Africa,,69015
/home/user/data/geoclip/-1.172173023223877_-80.83453369140625_ecuador_1.png,-1.172173023223877,-80.83453369140625,ecuador,South America,,54506
/home/user/data/geoclip/-1.172173023223877_-80.83453369140625_ecuador_2.png,-1.172173023223877,-80.83453369140625,ecuador,South America,,52615
/home/user/data/geoclip/-1.172173023223877_-80.83453369140625_ecuador_3.png,-1.172173023223877,-80.83453369140625,ecuador,South America,,46547
/home/user/data/geoclip/-1.172173023223877_-80.83453369140625_ecuador_4.png,-1.172173023223877,-80.83453369140625,ecuador,South America,,48182
/home/user/data/geoclip/-1.1766945123672483_34.44684982299805_kenya_1.png,-1.1766945123672483,34.44684982299805,kenya,Africa,,84571
/home/user/data/geoclip/-1.1766945123672483_34.44684982299805_kenya_2.png,-1.1766945123672483,34.44684982299805,kenya,Africa,,99042
/home/user/data/geoclip/-1.1766945123672483_34.44684982299805_kenya_3.png,-1.1766945123672483,34.44684982299805,kenya,Africa,,56565
/home/user/data/geoclip/-1.1766945123672483_34.44684982299805_kenya_4.png,-1.1766945123672483,34.44684982299805,kenya,Africa,,107582
/home/user/data/geoclip/-1.1899901628494265_36.951934814453125_kenya_1.png,-1.1899901628494265,36.951934814453125,kenya,Africa,,142088
/home/user/data/geoclip/-1.1899901628494265_36.951934814453125_kenya_2.png,-1.1899901628494265,36.951934814453125,kenya,Africa,,112881
/home/user/data/geoclip/-1.1899901628494265_36.951934814453125_kenya_3.png,-1.1899901628494265,36.951934814453125,kenya,Africa,,97937
/home/user/data/geoclip/-1.1899901628494265_36.951934814453125_kenya_4.png,-1.1899901628494265,36.951934814453125,kenya,Africa,,79162
/home/user/data/geoclip/-1.1906918287277222_36.85141372680664_kenya_1.png,-1.1906918287277222,36.85141372680664,kenya,Africa,,80502
/home/user/data/geoclip/-1.1906918287277222_36.85141372680664_kenya_2.png,-1.1906918287277222,36.85141372680664,kenya,Africa,,94382
/home/user/data/geoclip/-1.1906918287277222_36.85141372680664_kenya_3.png,-1.1906918287277222,36.85141372680664,kenya,Africa,,126876
/home/user/data/geoclip/-1.1906918287277222_36.85141372680664_kenya_4.png,-1.1906918287277222,36.85141372680664,kenya,Africa,,102461
/home/user/data/geoclip/-1.1909093856811523_36.8517951965332_kenya_1.png,-1.1909093856811523,36.8517951965332,kenya,Africa,,78557
/home/user/data/geoclip/-1.1909093856811523_36.8517951965332_kenya_2.png,-1.1909093856811523,36.8517951965332,kenya,Africa,,73691
/home/user/data/geoclip/-1.1909093856811523_36.8517951965332_kenya_3.png,-1.1909093856811523,36.8517951965332,kenya,Africa,,111655
/home/user/data/geoclip/-1.1909093856811523_36.8517951965332_kenya_4.png,-1.1909093856811523,36.8517951965332,kenya,Africa,,109846
/home/user/data/geoclip/-1.1933391094207764_36.77764129638672_kenya_1.png,-1.1933391094207764,36.77764129638672,kenya,Africa,,66658
/home/user/data/geoclip/-1.1933391094207764_36.77764129638672_kenya_2.png,-1.1933391094207764,36.77764129638672,kenya,Africa,,66007
/home/user/data/geoclip/-1.1933391094207764_36.77764129638672_kenya_3.png,-1.1933391094207764,36.77764129638672,kenya,Africa,,69876
/home/user/data/geoclip/-1.1933391094207764_36.77764129638672_kenya_4.png,-1.1933391094207764,36.77764129638672,kenya,Africa,,60358
/home/user/data/geoclip/-1.1973381042480469_37.99203872680664_kenya_1.png,-1.1973381042480469,37.99203872680664,kenya,Africa,,124197
/home/user/data/geoclip/-1.1973381042480469_37.99203872680664_kenya_2.png,-1.1973381042480469,37.99203872680664,kenya,Africa,,113455
/home/user/data/geoclip/-1.1973381042480469_37.99203872680664_kenya_3.png,-1.1973381042480469,37.99203872680664,kenya,Africa,,155082
/home/user/data/geoclip/-1.1973381042480469_37.99203872680664_kenya_4.png,-1.1973381042480469,37.99203872680664,kenya,Africa,,111004
/home/user/data/geoclip/-1.204155206680298_36.90993118286133_kenya_1.png,-1.204155206680298,36.90993118286133,kenya,Africa,,55708
/home/user/data/geoclip/-1.204155206680298_36.90993118286133_kenya_2.png,-1.204155206680298,36.90993118286133,kenya,Africa,,79378
/home/user/data/geoclip/-1.204155206680298_36.90993118286133_kenya_3.png,-1.204155206680298,36.90993118286133,kenya,Africa,,59814
/home/user/data/geoclip/-1.204155206680298_36.90993118286133_kenya_4.png,-1.204155206680298,36.90993118286133,kenya,Africa,,75116
/home/user/data/geoclip/-1.2071938514709473_-80.57987213134766_ecuador_1.png,-1.2071938514709473,-80.57987213134766,ecuador,South America,,35169
/home/user/data/geoclip/-1.2071938514709473_-80.57987213134766_ecuador_2.png,-1.2071938514709473,-80.57987213134766,ecuador,South America,,33081
/home/user/data/geoclip/-1.2071938514709473_-80.57987213134766_ecuador_3.png,-1.2071938514709473,-80.57987213134766,ecuador,South America,,38585
/home/user/data/geoclip/-1.2071938514709473_-80.57987213134766_ecuador_4.png,-1.2071938514709473,-80.57987213134766,ecuador,South America,,51729
/home/user/data/geoclip/-1.2087334394454956_36.87434768676758_kenya_1.png,-1.2087334394454956,36.87434768676758,kenya,Africa,,78823
/home/user/data/geoclip/-1.2087334394454956_36.87434768676758_kenya_2.png,-1.2087334394454956,36.87434768676758,kenya,Africa,,69829
/home/user/data/geoclip/-1.2087334394454956_36.87434768676758_kenya_3.png,-1.2087334394454956,36.87434768676758,kenya,Africa,,61063
/home/user/data/geoclip/-1.2087334394454956_36.87434768676758_kenya_4.png,-1.2087334394454956,36.87434768676758,kenya,Africa,,73233
/home/user/data/geoclip/-1.2114546298980713_36.846290588378906_kenya_1.png,-1.2114546298980713,36.846290588378906,kenya,Africa,,84952
/home/user/data/geoclip/-1.2114546298980713_36.846290588378906_kenya_2.png,-1.2114546298980713,36.846290588378906,kenya,Africa,,112484
/home/user/data/geoclip/-1.2114546298980713_36.846290588378906_kenya_3.png,-1.2114546298980713,36.846290588378906,kenya,Africa,,91049
/home/user/data/geoclip/-1.2114546298980713_36.846290588378906_kenya_4.png,-1.2114546298980713,36.846290588378906,kenya,Africa,,97222
/home/user/data/geoclip/-1.212098240852356_36.77415084838867_kenya_1.png,-1.212098240852356,36.77415084838867,kenya,Africa,,63270
/home/user/data/geoclip/-1.212098240852356_36.77415084838867_kenya_2.png,-1.212098240852356,36.77415084838867,kenya,Africa,,57873
/home/user/data/geoclip/-1.212098240852356_36.77415084838867_kenya_3.png,-1.212098240852356,36.77415084838867,kenya,Africa,,73861
/home/user/data/geoclip/-1.212098240852356_36.77415084838867_kenya_4.png,-1.212098240852356,36.77415084838867,kenya,Africa,,73067
/home/user/data/geoclip/-1.2136510610580444_36.89289093017578_kenya_1.png,-1.2136510610580444,36.89289093017578,kenya,Africa,,71537
/home/user/data/geoclip/-1.2136510610580444_36.89289093017578_kenya_2.png,-1.2136510610580444,36.89289093017578,kenya,Africa,,94214
/home/user/data/geoclip/-1.2136510610580444_36.89289093017578_kenya_3.png,-1.2136510610580444,36.89289093017578,kenya,Africa,,73834
/home/user/data/geoclip/-1.2136510610580444_36.89289093017578_kenya_4.png,-1.2136510610580444,36.89289093017578,kenya,Africa,,61825
/home/user/data/geoclip/-1.2187427282333374_36.85075759887695_kenya_1.png,-1.2187427282333374,36.85075759887695,kenya,Africa,,57972
/home/user/data/geoclip/-1.2187427282333374_36.85075759887695_kenya_2.png,-1.2187427282333374,36.85075759887695,kenya,Africa,,56867
/home/user/data/geoclip/-1.2187427282333374_36.85075759887695_kenya_3.png,-1.2187427282333374,36.85075759887695,kenya,Africa,,55230
/home/user/data/geoclip/-1.2187427282333374_36.85075759887695_kenya_4.png,-1.2187427282333374,36.85075759887695,kenya,Africa,,51967
/home/user/data/geoclip/-1.221207618713379_36.71178436279297_kenya_1.png,-1.221207618713379,36.71178436279297,kenya,Africa,,59525
/home/user/data/geoclip/-1.221207618713379_36.71178436279297_kenya_2.png,-1.221207618713379,36.71178436279297,kenya,Africa,,62032
/home/user/data/geoclip/-1.221207618713379_36.71178436279297_kenya_3.png,-1.221207618713379,36.71178436279297,kenya,Africa,,41537
/home/user/data/geoclip/-1.221207618713379_36.71178436279297_kenya_4.png,-1.221207618713379,36.71178436279297,kenya,Africa,,51586
/home/user/data/geoclip/-1.221344232559204_36.77913665771485_kenya_1.png,-1.221344232559204,36.77913665771485,kenya,Africa,,77113
/home/user/data/geoclip/-1.221344232559204_36.77913665771485_kenya_2.png,-1.221344232559204,36.77913665771485,kenya,Africa,,69495
/home/user/data/geoclip/-1.221344232559204_36.77913665771485_kenya_3.png,-1.221344232559204,36.77913665771485,kenya,Africa,,63310
/home/user/data/geoclip/-1.221344232559204_36.77913665771485_kenya_4.png,-1.221344232559204,36.77913665771485,kenya,Africa,,56740
/home/user/data/geoclip/-1.223993897438049_35.262813568115234_kenya_1.png,-1.223993897438049,35.262813568115234,kenya,Africa,,46353
/home/user/data/geoclip/-1.223993897438049_35.262813568115234_kenya_2.png,-1.223993897438049,35.262813568115234,kenya,Africa,,87650
/home/user/data/geoclip/-1.223993897438049_35.262813568115234_kenya_3.png,-1.223993897438049,35.262813568115234,kenya,Africa,,85523
/home/user/data/geoclip/-1.223993897438049_35.262813568115234_kenya_4.png,-1.223993897438049,35.262813568115234,kenya,Africa,,77908
/home/user/data/geoclip/-1.2373422384262085_37.45786285400391_kenya_1.png,-1.2373422384262085,37.45786285400391,kenya,Africa,,64395
/home/user/data/geoclip/-1.2373422384262085_37.45786285400391_kenya_2.png,-1.2373422384262085,37.45786285400391,kenya,Africa,,53237
/home/user/data/geoclip/-1.2373422384262085_37.45786285400391_kenya_3.png,-1.2373422384262085,37.45786285400391,kenya,Africa,,58863
/home/user/data/geoclip/-1.2373422384262085_37.45786285400391_kenya_4.png,-1.2373422384262085,37.45786285400391,kenya,Africa,,51301
/home/user/data/geoclip/-1.2450424432754517_36.76773834228516_kenya_1.png,-1.2450424432754517,36.76773834228516,kenya,Africa,,115382
/home/user/data/geoclip/-1.2450424432754517_36.76773834228516_kenya_2.png,-1.2450424432754517,36.76773834228516,kenya,Africa,,68659
/home/user/data/geoclip/-1.2450424432754517_36.76773834228516_kenya_3.png,-1.2450424432754517,36.76773834228516,kenya,Africa,,89382
/home/user/data/geoclip/-1.2450424432754517_36.76773834228516_kenya_4.png,-1.2450424432754517,36.76773834228516,kenya,Africa,,90541
/home/user/data/geoclip/-1.2481529712677002_-78.62476348876953_ecuador_1.png,-1.2481529712677002,-78.62476348876953,ecuador,South America,,66399
/home/user/data/geoclip/-1.2481529712677002_-78.62476348876953_ecuador_2.png,-1.2481529712677002,-78.62476348876953,ecuador,South America,,67199
/home/user/data/geoclip/-1.2481529712677002_-78.62476348876953_ecuador_3.png,-1.2481529712677002,-78.62476348876953,ecuador,South America,,74204
/home/user/data/geoclip/-1.2481529712677002_-78.62476348876953_ecuador_4.png,-1.2481529712677002,-78.62476348876953,ecuador,South America,,64672
/home/user/data/geoclip/-1.2525784969329834_-78.64199829101562_ecuador_1.png,-1.2525784969329834,-78.64199829101562,ecuador,South America,,101072
/home/user/data/geoclip/-1.2525784969329834_-78.64199829101562_ecuador_2.png,-1.2525784969329834,-78.64199829101562,ecuador,South America,,108426
/home/user/data/geoclip/-1.2525784969329834_-78.64199829101562_ecuador_3.png,-1.2525784969329834,-78.64199829101562,ecuador,South America,,112393
/home/user/data/geoclip/-1.2525784969329834_-78.64199829101562_ecuador_4.png,-1.2525784969329834,-78.64199829101562,ecuador,South America,,99862
/home/user/data/geoclip/-1.2570430040359497_36.80828857421875_kenya_1.png,-1.2570430040359497,36.80828857421875,kenya,Africa,,116042
/home/user/data/geoclip/-1.2570430040359497_36.80828857421875_kenya_2.png,-1.2570430040359497,36.80828857421875,kenya,Africa,,106855
/home/user/data/geoclip/-1.2570430040359497_36.80828857421875_kenya_3.png,-1.2570430040359497,36.80828857421875,kenya,Africa,,114138
/home/user/data/geoclip/-1.2570430040359497_36.80828857421875_kenya_4.png,-1.2570430040359497,36.80828857421875,kenya,Africa,,91440
/home/user/data/geoclip/-1.2588496208190918_36.78927993774414_kenya_1.png,-1.2588496208190918,36.78927993774414,kenya,Africa,,120335
/home/user/data/geoclip/-1.2588496208190918_36.78927993774414_kenya_2.png,-1.2588496208190918,36.78927993774414,kenya,Africa,,87520
/home/user/data/geoclip/-1.2588496208190918_36.78927993774414_kenya_3.png,-1.2588496208190918,36.78927993774414,kenya,Africa,,133983
/home/user/data/geoclip/-1.2588496208190918_36.78927993774414_kenya_4.png,-1.2588496208190918,36.78927993774414,kenya,Africa,,119505
/home/user/data/geoclip/-1.2604656219482422_36.86420440673828_kenya_1.png,-1.2604656219482422,36.86420440673828,kenya,Africa,,93265
/home/user/data/geoclip/-1.2604656219482422_36.86420440673828_kenya_2.png,-1.2604656219482422,36.86420440673828,kenya,Africa,,86954
/home/user/data/geoclip/-1.2604656219482422_36.86420440673828_kenya_3.png,-1.2604656219482422,36.86420440673828,kenya,Africa,,110071
/home/user/data/geoclip/-1.2604656219482422_36.86420440673828_kenya_4.png,-1.2604656219482422,36.86420440673828,kenya,Africa,,95595
/home/user/data/geoclip/-1.260641098022461_36.79252624511719_kenya_1.png,-1.260641098022461,36.79252624511719,kenya,Africa,,62104
/home/user/data/geoclip/-1.260641098022461_36.79252624511719_kenya_2.png,-1.260641098022461,36.79252624511719,kenya,Africa,,55120
/home/user/data/geoclip/-1.260641098022461_36.79252624511719_kenya_3.png,-1.260641098022461,36.79252624511719,kenya,Africa,,60747
/home/user/data/geoclip/-1.260641098022461_36.79252624511719_kenya_4.png,-1.260641098022461,36.79252624511719,kenya,Africa,,41543
/home/user/data/geoclip/-1.2646145820617676_36.81588745117188_kenya_1.png,-1.2646145820617676,36.81588745117188,kenya,Africa,,99391
/home/user/data/geoclip/-1.2646145820617676_36.81588745117188_kenya_2.png,-1.2646145820617676,36.81588745117188,kenya,Africa,,100773
/home/user/data/geoclip/-1.2646145820617676_36.81588745117188_kenya_3.png,-1.2646145820617676,36.81588745117188,kenya,Africa,,101741
/home/user/data/geoclip/-1.2646145820617676_36.81588745117188_kenya_4.png,-1.2646145820617676,36.81588745117188,kenya,Africa,,97111
/home/user/data/geoclip/-1.271069049835205_37.46962356567383_kenya_1.png,-1.271069049835205,37.46962356567383,kenya,Africa,,79750
/home/user/data/geoclip/-1.271069049835205_37.46962356567383_kenya_2.png,-1.271069049835205,37.46962356567383,kenya,Africa,,98541
/home/user/data/geoclip/-1.271069049835205_37.46962356567383_kenya_3.png,-1.271069049835205,37.46962356567383,kenya,Africa,,54448
/home/user/data/geoclip/-1.271069049835205_37.46962356567383_kenya_4.png,-1.271069049835205,37.46962356567383,kenya,Africa,,62923
/home/user/data/geoclip/-1.271183967590332_-78.61255645751953_ecuador_1.png,-1.271183967590332,-78.61255645751953,ecuador,South America,,80350
/home/user/data/geoclip/-1.271183967590332_-78.61255645751953_ecuador_2.png,-1.271183967590332,-78.61255645751953,ecuador,South America,,60637
/home/user/data/geoclip/-1.271183967590332_-78.61255645751953_ecuador_3.png,-1.271183967590332,-78.61255645751953,ecuador,South America,,54600
/home/user/data/geoclip/-1.271183967590332_-78.61255645751953_ecuador_4.png,-1.271183967590332,-78.61255645751953,ecuador,South America,,66130
/home/user/data/geoclip/-1.2716057300567627_36.83194351196289_kenya_1.png,-1.2716057300567627,36.83194351196289,kenya,Africa,,110678
/home/user/data/geoclip/-1.2716057300567627_36.83194351196289_kenya_2.png,-1.2716057300567627,36.83194351196289,kenya,Africa,,82884
/home/user/data/geoclip/-1.2716057300567627_36.83194351196289_kenya_3.png,-1.2716057300567627,36.83194351196289,kenya,Africa,,92603
/home/user/data/geoclip/-1.2716057300567627_36.83194351196289_kenya_4.png,-1.2716057300567627,36.83194351196289,kenya,Africa,,103987
/home/user/data/geoclip/-1.2753952741622925_36.90909576416016_kenya_1.png,-1.2753952741622925,36.90909576416016,kenya,Africa,,90270
/home/user/data/geoclip/-1.2753952741622925_36.90909576416016_kenya_2.png,-1.2753952741622925,36.90909576416016,kenya,Africa,,81282
/home/user/data/geoclip/-1.2753952741622925_36.90909576416016_kenya_3.png,-1.2753952741622925,36.90909576416016,kenya,Africa,,69820
/home/user/data/geoclip/-1.2753952741622925_36.90909576416016_kenya_4.png,-1.2753952741622925,36.90909576416016,kenya,Africa,,69476
/home/user/data/geoclip/-1.2755218744277954_36.8199577331543_kenya_1.png,-1.2755218744277954,36.8199577331543,kenya,Africa,,108669
/home/user/data/geoclip/-1.2755218744277954_36.8199577331543_kenya_2.png,-1.2755218744277954,36.8199577331543,kenya,Africa,,98207
/home/user/data/geoclip/-1.2755218744277954_36.8199577331543_kenya_3.png,-1.2755218744277954,36.8199577331543,kenya,Africa,,97573
/home/user/data/geoclip/-1.2755218744277954_36.8199577331543_kenya_4.png,-1.2755218744277954,36.8199577331543,kenya,Africa,,75354
/home/user/data/geoclip/-1.282902479171753_36.90276336669922_kenya_1.png,-1.282902479171753,36.90276336669922,kenya,Africa,,83549
/home/user/data/geoclip/-1.282902479171753_36.90276336669922_kenya_2.png,-1.282902479171753,36.90276336669922,kenya,Africa,,98384
/home/user/data/geoclip/-1.282902479171753_36.90276336669922_kenya_3.png,-1.282902479171753,36.90276336669922,kenya,Africa,,79153
/home/user/data/geoclip/-1.282902479171753_36.90276336669922_kenya_4.png,-1.282902479171753,36.90276336669922,kenya,Africa,,80111
/home/user/data/geoclip/-1.2845133543014526_36.84724426269531_kenya_1.png,-1.2845133543014526,36.84724426269531,kenya,Africa,,65768
/home/user/data/geoclip/-1.2845133543014526_36.84724426269531_kenya_2.png,-1.2845133543014526,36.84724426269531,kenya,Africa,,61700
/home/user/data/geoclip/-1.2845133543014526_36.84724426269531_kenya_3.png,-1.2845133543014526,36.84724426269531,kenya,Africa,,46231
/home/user/data/geoclip/-1.2845133543014526_36.84724426269531_kenya_4.png,-1.2845133543014526,36.84724426269531,kenya,Africa,,65261
/home/user/data/geoclip/-1.2867279052734375_36.81796646118164_kenya_1.png,-1.2867279052734375,36.81796646118164,kenya,Africa,,65418
/home/user/data/geoclip/-1.2867279052734375_36.81796646118164_kenya_2.png,-1.2867279052734375,36.81796646118164,kenya,Africa,,72412
/home/user/data/geoclip/-1.2867279052734375_36.81796646118164_kenya_3.png,-1.2867279052734375,36.81796646118164,kenya,Africa,,67560
/home/user/data/geoclip/-1.2867279052734375_36.81796646118164_kenya_4.png,-1.2867279052734375,36.81796646118164,kenya,Africa,,86050
/home/user/data/geoclip/-1.293292999267578_36.865177154541016_kenya_1.png,-1.293292999267578,36.865177154541016,kenya,Africa,,101614
/home/user/data/geoclip/-1.293292999267578_36.865177154541016_kenya_2.png,-1.293292999267578,36.865177154541016,kenya,Africa,,86277
/home/user/data/geoclip/-1.293292999267578_36.865177154541016_kenya_3.png,-1.293292999267578,36.865177154541016,kenya,Africa,,95003
/home/user/data/geoclip/-1.293292999267578_36.865177154541016_kenya_4.png,-1.293292999267578,36.865177154541016,kenya,Africa,,72243
/home/user/data/geoclip/-1.2939214706420898_36.821022033691406_kenya_1.png,-1.2939214706420898,36.821022033691406,kenya,Africa,,71975
/home/user/data/geoclip/-1.2939214706420898_36.821022033691406_kenya_2.png,-1.2939214706420898,36.821022033691406,kenya,Africa,,62431
/home/user/data/geoclip/-1.2939214706420898_36.821022033691406_kenya_3.png,-1.2939214706420898,36.821022033691406,kenya,Africa,,75456
/home/user/data/geoclip/-1.2939214706420898_36.821022033691406_kenya_4.png,-1.2939214706420898,36.821022033691406,kenya,Africa,,74948
/home/user/data/geoclip/-1.2960540056228638_36.8165283203125_kenya_1.png,-1.2960540056228638,36.8165283203125,kenya,Africa,,84318
/home/user/data/geoclip/-1.2960540056228638_36.8165283203125_kenya_2.png,-1.2960540056228638,36.8165283203125,kenya,Africa,,54671
/home/user/data/geoclip/-1.2960540056228638_36.8165283203125_kenya_3.png,-1.2960540056228638,36.8165283203125,kenya,Africa,,80457
/home/user/data/geoclip/-1.2960540056228638_36.8165283203125_kenya_4.png,-1.2960540056228638,36.8165283203125,kenya,Africa,,91312
/home/user/data/geoclip/-1.2979687452316284_36.80342864990234_kenya_1.png,-1.2979687452316284,36.80342864990234,kenya,Africa,,62654
/home/user/data/geoclip/-1.2979687452316284_36.80342864990234_kenya_2.png,-1.2979687452316284,36.80342864990234,kenya,Africa,,63985
/home/user/data/geoclip/-1.2979687452316284_36.80342864990234_kenya_3.png,-1.2979687452316284,36.80342864990234,kenya,Africa,,78503
/home/user/data/geoclip/-1.2979687452316284_36.80342864990234_kenya_4.png,-1.2979687452316284,36.80342864990234,kenya,Africa,,45785
/home/user/data/geoclip/-1.299325704574585_36.79325485229492_kenya_1.png,-1.299325704574585,36.79325485229492,kenya,Africa,,79093
/home/user/data/geoclip/-1.299325704574585_36.79325485229492_kenya_2.png,-1.299325704574585,36.79325485229492,kenya,Africa,,53358
/home/user/data/geoclip/-1.299325704574585_36.79325485229492_kenya_3.png,-1.299325704574585,36.79325485229492,kenya,Africa,,72555
/home/user/data/geoclip/-1.299325704574585_36.79325485229492_kenya_4.png,-1.299325704574585,36.79325485229492,kenya,Africa,,61995
/home/user/data/geoclip/-1.2998876571655271_34.98606872558594_kenya_1.png,-1.2998876571655271,34.98606872558594,kenya,Africa,,70609
/home/user/data/geoclip/-1.2998876571655271_34.98606872558594_kenya_2.png,-1.2998876571655271,34.98606872558594,kenya,Africa,,50434
/home/user/data/geoclip/-1.2998876571655271_34.98606872558594_kenya_3.png,-1.2998876571655271,34.98606872558594,kenya,Africa,,55492
/home/user/data/geoclip/-1.2998876571655271_34.98606872558594_kenya_4.png,-1.2998876571655271,34.98606872558594,kenya,Africa,,64710
/home/user/data/geoclip/-1.3036757707595823_-78.6131591796875_ecuador_1.png,-1.3036757707595823,-78.6131591796875,ecuador,South America,,71114
/home/user/data/geoclip/-1.3036757707595823_-78.6131591796875_ecuador_2.png,-1.3036757707595823,-78.6131591796875,ecuador,South America,,69784
/home/user/data/geoclip/-1.3036757707595823_-78.6131591796875_ecuador_3.png,-1.3036757707595823,-78.6131591796875,ecuador,South America,,79776
/home/user/data/geoclip/-1.3036757707595823_-78.6131591796875_ecuador_4.png,-1.3036757707595823,-78.6131591796875,ecuador,South America,,67229
/home/user/data/geoclip/-1.3059910535812378_36.91346740722656_kenya_1.png,-1.3059910535812378,36.91346740722656,kenya,Africa,,77317
/home/user/data/geoclip/-1.3059910535812378_36.91346740722656_kenya_2.png,-1.3059910535812378,36.91346740722656,kenya,Africa,,91497
/home/user/data/geoclip/-1.3059910535812378_36.91346740722656_kenya_3.png,-1.3059910535812378,36.91346740722656,kenya,Africa,,50491
/home/user/data/geoclip/-1.3059910535812378_36.91346740722656_kenya_4.png,-1.3059910535812378,36.91346740722656,kenya,Africa,,60057
/home/user/data/geoclip/-1.3074097633361816_-78.51665496826172_ecuador_1.png,-1.3074097633361816,-78.51665496826172,ecuador,South America,,79229
/home/user/data/geoclip/-1.3074097633361816_-78.51665496826172_ecuador_2.png,-1.3074097633361816,-78.51665496826172,ecuador,South America,,67914
/home/user/data/geoclip/-1.3074097633361816_-78.51665496826172_ecuador_3.png,-1.3074097633361816,-78.51665496826172,ecuador,South America,,68992
/home/user/data/geoclip/-1.3074097633361816_-78.51665496826172_ecuador_4.png,-1.3074097633361816,-78.51665496826172,ecuador,South America,,75685
/home/user/data/geoclip/-1.309372067451477_36.90167999267578_kenya_1.png,-1.309372067451477,36.90167999267578,kenya,Africa,,79798
/home/user/data/geoclip/-1.309372067451477_36.90167999267578_kenya_2.png,-1.309372067451477,36.90167999267578,kenya,Africa,,75343
/home/user/data/geoclip/-1.309372067451477_36.90167999267578_kenya_3.png,-1.309372067451477,36.90167999267578,kenya,Africa,,77095
/home/user/data/geoclip/-1.309372067451477_36.90167999267578_kenya_4.png,-1.309372067451477,36.90167999267578,kenya,Africa,,77144
/home/user/data/geoclip/-1.315723180770874_37.96994400024414_kenya_1.png,-1.315723180770874,37.96994400024414,kenya,Africa,,100972
/home/user/data/geoclip/-1.315723180770874_37.96994400024414_kenya_2.png,-1.315723180770874,37.96994400024414,kenya,Africa,,90418
/home/user/data/geoclip/-1.315723180770874_37.96994400024414_kenya_3.png,-1.315723180770874,37.96994400024414,kenya,Africa,,87600
/home/user/data/geoclip/-1.315723180770874_37.96994400024414_kenya_4.png,-1.315723180770874,37.96994400024414,kenya,Africa,,87731
/home/user/data/geoclip/-1.3190568685531616_36.837181091308594_kenya_1.png,-1.3190568685531616,36.837181091308594,kenya,Africa,,49986
/home/user/data/geoclip/-1.3190568685531616_36.837181091308594_kenya_2.png,-1.3190568685531616,36.837181091308594,kenya,Africa,,60958
/home/user/data/geoclip/-1.3190568685531616_36.837181091308594_kenya_3.png,-1.3190568685531616,36.837181091308594,kenya,Africa,,58573
/home/user/data/geoclip/-1.3190568685531616_36.837181091308594_kenya_4.png,-1.3190568685531616,36.837181091308594,kenya,Africa,,58338
/home/user/data/geoclip/-1.3268797397613523_36.85028839111328_kenya_1.png,-1.3268797397613523,36.85028839111328,kenya,Africa,,50918
/home/user/data/geoclip/-1.3268797397613523_36.85028839111328_kenya_2.png,-1.3268797397613523,36.85028839111328,kenya,Africa,,49732
/home/user/data/geoclip/-1.3268797397613523_36.85028839111328_kenya_3.png,-1.3268797397613523,36.85028839111328,kenya,Africa,,58808
/home/user/data/geoclip/-1.3268797397613523_36.85028839111328_kenya_4.png,-1.3268797397613523,36.85028839111328,kenya,Africa,,48214
/home/user/data/geoclip/-1.3298197984695437_36.8863410949707_kenya_1.png,-1.3298197984695437,36.8863410949707,kenya,Africa,,54915
/home/user/data/geoclip/-1.3298197984695437_36.8863410949707_kenya_2.png,-1.3298197984695437,36.8863410949707,kenya,Africa,,48911
/home/user/data/geoclip/-1.3298197984695437_36.8863410949707_kenya_3.png,-1.3298197984695437,36.8863410949707,kenya,Africa,,48081
/home/user/data/geoclip/-1.3298197984695437_36.8863410949707_kenya_4.png,-1.3298197984695437,36.8863410949707,kenya,Africa,,42143
/home/user/data/geoclip/-1.3468763828277588_36.63511276245117_kenya_1.png,-1.3468763828277588,36.63511276245117,kenya,Africa,,84472
/home/user/data/geoclip/-1.3468763828277588_36.63511276245117_kenya_2.png,-1.3468763828277588,36.63511276245117,kenya,Africa,,120129
/home/user/data/geoclip/-1.3468763828277588_36.63511276245117_kenya_3.png,-1.3468763828277588,36.63511276245117,kenya,Africa,,68634
/home/user/data/geoclip/-1.3468763828277588_36.63511276245117_kenya_4.png,-1.3468763828277588,36.63511276245117,kenya,Africa,,87973
/home/user/data/geoclip/-1.3473398685455322_36.74604415893555_kenya_1.png,-1.3473398685455322,36.74604415893555,kenya,Africa,,80964
/home/user/data/geoclip/-1.3473398685455322_36.74604415893555_kenya_2.png,-1.3473398685455322,36.74604415893555,kenya,Africa,,79182
/home/user/data/geoclip/-1.3473398685455322_36.74604415893555_kenya_3.png,-1.3473398685455322,36.74604415893555,kenya,Africa,,79523
/home/user/data/geoclip/-1.3473398685455322_36.74604415893555_kenya_4.png,-1.3473398685455322,36.74604415893555,kenya,Africa,,87295
/home/user/data/geoclip/-1.394702434539795_-80.20417022705078_ecuador_1.png,-1.394702434539795,-80.20417022705078,ecuador,South America,,83331
/home/user/data/geoclip/-1.394702434539795_-80.20417022705078_ecuador_2.png,-1.394702434539795,-80.20417022705078,ecuador,South America,,63471
/home/user/data/geoclip/-1.394702434539795_-80.20417022705078_ecuador_3.png,-1.394702434539795,-80.20417022705078,ecuador,South America,,90404
/home/user/data/geoclip/-1.394702434539795_-80.20417022705078_ecuador_4.png,-1.394702434539795,-80.20417022705078,ecuador,South America,,65136
/home/user/data/geoclip/-1.4508378505706787_36.66046524047852_kenya_1.png,-1.4508378505706787,36.66046524047852,kenya,Africa,,52440
/home/user/data/geoclip/-1.4508378505706787_36.66046524047852_kenya_2.png,-1.4508378505706787,36.66046524047852,kenya,Africa,,72008
/home/user/data/geoclip/-1.4508378505706787_36.66046524047852_kenya_3.png,-1.4508378505706787,36.66046524047852,kenya,Africa,,57263
/home/user/data/geoclip/-1.4508378505706787_36.66046524047852_kenya_4.png,-1.4508378505706787,36.66046524047852,kenya,Africa,,58049
/home/user/data/geoclip/-1.4786336421966553_-78.96969604492188_ecuador_1.png,-1.4786336421966553,-78.96969604492188,ecuador,South America,,103533
/home/user/data/geoclip/-1.4786336421966553_-78.96969604492188_ecuador_2.png,-1.4786336421966553,-78.96969604492188,ecuador,South America,,91961
/home/user/data/geoclip/-1.4786336421966553_-78.96969604492188_ecuador_3.png,-1.4786336421966553,-78.96969604492188,ecuador,South America,,76600
/home/user/data/geoclip/-1.4786336421966553_-78.96969604492188_ecuador_4.png,-1.4786336421966553,-78.96969604492188,ecuador,South America,,102682
/home/user/data/geoclip/-1.481566071510315_37.04600524902344_kenya_1.png,-1.481566071510315,37.04600524902344,kenya,Africa,,45607
/home/user/data/geoclip/-1.481566071510315_37.04600524902344_kenya_2.png,-1.481566071510315,37.04600524902344,kenya,Africa,,51076
/home/user/data/geoclip/-1.481566071510315_37.04600524902344_kenya_3.png,-1.481566071510315,37.04600524902344,kenya,Africa,,55200
/home/user/data/geoclip/-1.481566071510315_37.04600524902344_kenya_4.png,-1.481566071510315,37.04600524902344,kenya,Africa,,47801
/home/user/data/geoclip/-1.4895203113555908_-80.54593658447266_ecuador_1.png,-1.4895203113555908,-80.54593658447266,ecuador,South America,,43342
/home/user/data/geoclip/-1.4895203113555908_-80.54593658447266_ecuador_2.png,-1.4895203113555908,-80.54593658447266,ecuador,South America,,66038
/home/user/data/geoclip/-1.4895203113555908_-80.54593658447266_ecuador_3.png,-1.4895203113555908,-80.54593658447266,ecuador,South America,,47481
/home/user/data/geoclip/-1.4895203113555908_-80.54593658447266_ecuador_4.png,-1.4895203113555908,-80.54593658447266,ecuador,South America,,58992
/home/user/data/geoclip/-1.4975680112838743_-78.98624420166016_ecuador_1.png,-1.4975680112838743,-78.98624420166016,ecuador,South America,,78862
/home/user/data/geoclip/-1.4975680112838743_-78.98624420166016_ecuador_2.png,-1.4975680112838743,-78.98624420166016,ecuador,South America,,54912
/home/user/data/geoclip/-1.4975680112838743_-78.98624420166016_ecuador_3.png,-1.4975680112838743,-78.98624420166016,ecuador,South America,,50756
/home/user/data/geoclip/-1.4975680112838743_-78.98624420166016_ecuador_4.png,-1.4975680112838743,-78.98624420166016,ecuador,South America,,74879
/home/user/data/geoclip/-1.5099714994430542_37.24709701538086_kenya_1.png,-1.5099714994430542,37.24709701538086,kenya,Africa,,113721
/home/user/data/geoclip/-1.5099714994430542_37.24709701538086_kenya_2.png,-1.5099714994430542,37.24709701538086,kenya,Africa,,157065
/home/user/data/geoclip/-1.5099714994430542_37.24709701538086_kenya_3.png,-1.5099714994430542,37.24709701538086,kenya,Africa,,110684
/home/user/data/geoclip/-1.5099714994430542_37.24709701538086_kenya_4.png,-1.5099714994430542,37.24709701538086,kenya,Africa,,143007
/home/user/data/geoclip/-1.51077139377594_37.44663619995117_kenya_1.png,-1.51077139377594,37.44663619995117,kenya,Africa,,76151
/home/user/data/geoclip/-1.51077139377594_37.44663619995117_kenya_2.png,-1.51077139377594,37.44663619995117,kenya,Africa,,114844
/home/user/data/geoclip/-1.51077139377594_37.44663619995117_kenya_3.png,-1.51077139377594,37.44663619995117,kenya,Africa,,85179
/home/user/data/geoclip/-1.51077139377594_37.44663619995117_kenya_4.png,-1.51077139377594,37.44663619995117,kenya,Africa,,100193
/home/user/data/geoclip/-1.5168824195861816_-78.71324920654297_ecuador_1.png,-1.5168824195861816,-78.71324920654297,ecuador,South America,,61838
/home/user/data/geoclip/-1.5168824195861816_-78.71324920654297_ecuador_2.png,-1.5168824195861816,-78.71324920654297,ecuador,South America,,56664
/home/user/data/geoclip/-1.5168824195861816_-78.71324920654297_ecuador_3.png,-1.5168824195861816,-78.71324920654297,ecuador,South America,,46582
/home/user/data/geoclip/-1.5168824195861816_-78.71324920654297_ecuador_4.png,-1.5168824195861816,-78.71324920654297,ecuador,South America,,50099
/home/user/data/geoclip/-1.5207316875457764_35.04348373413086_kenya_1.png,-1.5207316875457764,35.04348373413086,kenya,Africa,,71055
/home/user/data/geoclip/-1.5207316875457764_35.04348373413086_kenya_2.png,-1.5207316875457764,35.04348373413086,kenya,Africa,,62938
/home/user/data/geoclip/-1.5207316875457764_35.04348373413086_kenya_3.png,-1.5207316875457764,35.04348373413086,kenya,Africa,,59067
/home/user/data/geoclip/-1.5207316875457764_35.04348373413086_kenya_4.png,-1.5207316875457764,35.04348373413086,kenya,Africa,,53806
/home/user/data/geoclip/-1.5289734601974487_36.92982482910156_kenya_1.png,-1.5289734601974487,36.92982482910156,kenya,Africa,,120572
/home/user/data/geoclip/-1.5289734601974487_36.92982482910156_kenya_2.png,-1.5289734601974487,36.92982482910156,kenya,Africa,,100147
/home/user/data/geoclip/-1.5289734601974487_36.92982482910156_kenya_3.png,-1.5289734601974487,36.92982482910156,kenya,Africa,,89539
/home/user/data/geoclip/-1.5289734601974487_36.92982482910156_kenya_4.png,-1.5289734601974487,36.92982482910156,kenya,Africa,,85470
/home/user/data/geoclip/-1.5331474542617798_37.13762283325195_kenya_1.png,-1.5331474542617798,37.13762283325195,kenya,Africa,,70201
/home/user/data/geoclip/-1.5331474542617798_37.13762283325195_kenya_2.png,-1.5331474542617798,37.13762283325195,kenya,Africa,,55411
/home/user/data/geoclip/-1.5331474542617798_37.13762283325195_kenya_3.png,-1.5331474542617798,37.13762283325195,kenya,Africa,,85795
/home/user/data/geoclip/-1.5331474542617798_37.13762283325195_kenya_4.png,-1.5331474542617798,37.13762283325195,kenya,Africa,,56105
/home/user/data/geoclip/-1.5726900100708008_35.151485443115234_kenya_1.png,-1.5726900100708008,35.151485443115234,kenya,Africa,,67202
/home/user/data/geoclip/-1.5726900100708008_35.151485443115234_kenya_2.png,-1.5726900100708008,35.151485443115234,kenya,Africa,,57256
/home/user/data/geoclip/-1.5726900100708008_35.151485443115234_kenya_3.png,-1.5726900100708008,35.151485443115234,kenya,Africa,,70877
/home/user/data/geoclip/-1.5726900100708008_35.151485443115234_kenya_4.png,-1.5726900100708008,35.151485443115234,kenya,Africa,,57108
/home/user/data/geoclip/-1.613399863243103_-79.91345977783203_ecuador_1.png,-1.613399863243103,-79.91345977783203,ecuador,South America,,49933
/home/user/data/geoclip/-1.613399863243103_-79.91345977783203_ecuador_2.png,-1.613399863243103,-79.91345977783203,ecuador,South America,,65060
/home/user/data/geoclip/-1.613399863243103_-79.91345977783203_ecuador_3.png,-1.613399863243103,-79.91345977783203,ecuador,South America,,104786
/home/user/data/geoclip/-1.613399863243103_-79.91345977783203_ecuador_4.png,-1.613399863243103,-79.91345977783203,ecuador,South America,,59737
/home/user/data/geoclip/-1.6291321516036987_-78.72139739990234_ecuador_1.png,-1.6291321516036987,-78.72139739990234,ecuador,South America,,51686
/home/user/data/geoclip/-1.6291321516036987_-78.72139739990234_ecuador_2.png,-1.6291321516036987,-78.72139739990234,ecuador,South America,,64941
/home/user/data/geoclip/-1.6291321516036987_-78.72139739990234_ecuador_3.png,-1.6291321516036987,-78.72139739990234,ecuador,South America,,64725
/home/user/data/geoclip/-1.6291321516036987_-78.72139739990234_ecuador_4.png,-1.6291321516036987,-78.72139739990234,ecuador,South America,,61003
/home/user/data/geoclip/-1.6389812231063845_-78.71305847167969_ecuador_1.png,-1.6389812231063845,-78.71305847167969,ecuador,South America,,65847
/home/user/data/geoclip/-1.6389812231063845_-78.71305847167969_ecuador_2.png,-1.6389812231063845,-78.71305847167969,ecuador,South America,,57926
/home/user/data/geoclip/-1.6389812231063845_-78.71305847167969_ecuador_3.png,-1.6389812231063845,-78.71305847167969,ecuador,South America,,48443
/home/user/data/geoclip/-1.6389812231063845_-78.71305847167969_ecuador_4.png,-1.6389812231063845,-78.71305847167969,ecuador,South America,,51251
/home/user/data/geoclip/-1.6758400201797483_-79.64558410644531_ecuador_1.png,-1.6758400201797483,-79.64558410644531,ecuador,South America,,156588
/home/user/data/geoclip/-1.6758400201797483_-79.64558410644531_ecuador_2.png,-1.6758400201797483,-79.64558410644531,ecuador,South America,,133713
/home/user/data/geoclip/-1.6758400201797483_-79.64558410644531_ecuador_3.png,-1.6758400201797483,-79.64558410644531,ecuador,South America,,62239
/home/user/data/geoclip/-1.6758400201797483_-79.64558410644531_ecuador_4.png,-1.6758400201797483,-79.64558410644531,ecuador,South America,,73526
/home/user/data/geoclip/-1.712511658668518_37.40058898925781_kenya_1.png,-1.712511658668518,37.40058898925781,kenya,Africa,,78555
/home/user/data/geoclip/-1.712511658668518_37.40058898925781_kenya_2.png,-1.712511658668518,37.40058898925781,kenya,Africa,,84832
/home/user/data/geoclip/-1.712511658668518_37.40058898925781_kenya_3.png,-1.712511658668518,37.40058898925781,kenya,Africa,,77133
/home/user/data/geoclip/-1.712511658668518_37.40058898925781_kenya_4.png,-1.712511658668518,37.40058898925781,kenya,Africa,,50226
/home/user/data/geoclip/-1.714807152748108_-79.70784759521484_ecuador_1.png,-1.714807152748108,-79.70784759521484,ecuador,South America,,70574
/home/user/data/geoclip/-1.714807152748108_-79.70784759521484_ecuador_2.png,-1.714807152748108,-79.70784759521484,ecuador,South America,,89558
/home/user/data/geoclip/-1.714807152748108_-79.70784759521484_ecuador_3.png,-1.714807152748108,-79.70784759521484,ecuador,South America,,62882
/home/user/data/geoclip/-1.714807152748108_-79.70784759521484_ecuador_4.png,-1.714807152748108,-79.70784759521484,ecuador,South America,,76020
/home/user/data/geoclip/-1.7536495923995972_-78.77777862548828_ecuador_1.png,-1.7536495923995972,-78.77777862548828,ecuador,South America,,83106
/home/user/data/geoclip/-1.7536495923995972_-78.77777862548828_ecuador_2.png,-1.7536495923995972,-78.77777862548828,ecuador,South America,,67936
/home/user/data/geoclip/-1.7536495923995972_-78.77777862548828_ecuador_3.png,-1.7536495923995972,-78.77777862548828,ecuador,South America,,74384
/home/user/data/geoclip/-1.7536495923995972_-78.77777862548828_ecuador_4.png,-1.7536495923995972,-78.77777862548828,ecuador,South America,,70669
/home/user/data/geoclip/-1.757761836051941_37.204376220703125_kenya_1.png,-1.757761836051941,37.204376220703125,kenya,Africa,,45686
/home/user/data/geoclip/-1.757761836051941_37.204376220703125_kenya_2.png,-1.757761836051941,37.204376220703125,kenya,Africa,,64325
/home/user/data/geoclip/-1.757761836051941_37.204376220703125_kenya_3.png,-1.757761836051941,37.204376220703125,kenya,Africa,,54587
/home/user/data/geoclip/-1.757761836051941_37.204376220703125_kenya_4.png,-1.757761836051941,37.204376220703125,kenya,Africa,,56874
/home/user/data/geoclip/-1.7784273624420166_-79.60813903808594_ecuador_1.png,-1.7784273624420166,-79.60813903808594,ecuador,South America,,42262
/home/user/data/geoclip/-1.7784273624420166_-79.60813903808594_ecuador_2.png,-1.7784273624420166,-79.60813903808594,ecuador,South America,,38374
/home/user/data/geoclip/-1.7784273624420166_-79.60813903808594_ecuador_3.png,-1.7784273624420166,-79.60813903808594,ecuador,South America,,44486
/home/user/data/geoclip/-1.7784273624420166_-79.60813903808594_ecuador_4.png,-1.7784273624420166,-79.60813903808594,ecuador,South America,,40592
/home/user/data/geoclip/-1.7796636819839478_-79.96053314208984_ecuador_1.png,-1.7796636819839478,-79.96053314208984,ecuador,South America,,98866
/home/user/data/geoclip/-1.7796636819839478_-79.96053314208984_ecuador_2.png,-1.7796636819839478,-79.96053314208984,ecuador,South America,,64608
/home/user/data/geoclip/-1.7796636819839478_-79.96053314208984_ecuador_3.png,-1.7796636819839478,-79.96053314208984,ecuador,South America,,83997
/home/user/data/geoclip/-1.7796636819839478_-79.96053314208984_ecuador_4.png,-1.7796636819839478,-79.96053314208984,ecuador,South America,,85756
/home/user/data/geoclip/-1.7930327653884888_38.42761993408203_kenya_1.png,-1.7930327653884888,38.42761993408203,kenya,Africa,,72347
/home/user/data/geoclip/-1.7930327653884888_38.42761993408203_kenya_2.png,-1.7930327653884888,38.42761993408203,kenya,Africa,,68731
/home/user/data/geoclip/-1.7930327653884888_38.42761993408203_kenya_3.png,-1.7930327653884888,38.42761993408203,kenya,Africa,,78940
/home/user/data/geoclip/-1.7930327653884888_38.42761993408203_kenya_4.png,-1.7930327653884888,38.42761993408203,kenya,Africa,,68190
/home/user/data/geoclip/-1.8077430725097656_-79.79778289794922_ecuador_1.png,-1.8077430725097656,-79.79778289794922,ecuador,South America,,61518
/home/user/data/geoclip/-1.8077430725097656_-79.79778289794922_ecuador_2.png,-1.8077430725097656,-79.79778289794922,ecuador,South America,,62088
/home/user/data/geoclip/-1.8077430725097656_-79.79778289794922_ecuador_3.png,-1.8077430725097656,-79.79778289794922,ecuador,South America,,48286
/home/user/data/geoclip/-1.8077430725097656_-79.79778289794922_ecuador_4.png,-1.8077430725097656,-79.79778289794922,ecuador,South America,,55979
/home/user/data/geoclip/-1.898617148399353_36.9143180847168_kenya_1.png,-1.898617148399353,36.9143180847168,kenya,Africa,,76988
/home/user/data/geoclip/-1.898617148399353_36.9143180847168_kenya_2.png,-1.898617148399353,36.9143180847168,kenya,Africa,,85448
/home/user/data/geoclip/-1.898617148399353_36.9143180847168_kenya_3.png,-1.898617148399353,36.9143180847168,kenya,Africa,,61428
/home/user/data/geoclip/-1.898617148399353_36.9143180847168_kenya_4.png,-1.898617148399353,36.9143180847168,kenya,Africa,,75011
/home/user/data/geoclip/-1.9515495300292969_36.78853225708008_kenya_1.png,-1.9515495300292969,36.78853225708008,kenya,Africa,,47475
/home/user/data/geoclip/-1.9515495300292969_36.78853225708008_kenya_2.png,-1.9515495300292969,36.78853225708008,kenya,Africa,,60632
/home/user/data/geoclip/-1.9515495300292969_36.78853225708008_kenya_3.png,-1.9515495300292969,36.78853225708008,kenya,Africa,,56276
/home/user/data/geoclip/-1.9515495300292969_36.78853225708008_kenya_4.png,-1.9515495300292969,36.78853225708008,kenya,Africa,,78399
/home/user/data/geoclip/-13.579713821411133_48.38835906982422_madagascar_1.png,-13.579713821411133,48.38835906982422,madagascar,Africa,,55216
/home/user/data/geoclip/-13.579713821411133_48.38835906982422_madagascar_2.png,-13.579713821411133,48.38835906982422,madagascar,Africa,,62686
/home/user/data/geoclip/-13.579713821411133_48.38835906982422_madagascar_3.png,-13.579713821411133,48.38835906982422,madagascar,Africa,,52411
/home/user/data/geoclip/-13.579713821411133_48.38835906982422_madagascar_4.png,-13.579713821411133,48.38835906982422,madagascar,Africa,,48700
/home/user/data/geoclip/-18.455434799194336_-70.28267669677734_chile_1.png,-18.455434799194336,-70.28267669677734,chile,South America,,44617
/home/user/data/geoclip/-18.455434799194336_-70.28267669677734_chile_2.png,-18.455434799194336,-70.28267669677734,chile,South America,,56672
/home/user/data/geoclip/-18.455434799194336_-70.28267669677734_chile_3.png,-18.455434799194336,-70.28267669677734,chile,South America,,53125
/home/user/data/geoclip/-18.455434799194336_-70.28267669677734_chile_4.png,-18.455434799194336,-70.28267669677734,chile,South America,,51800
/home/user/data/geoclip/-18.555164337158203_43.86051177978516_madagascar_1.png,-18.555164337158203,43.86051177978516,madagascar,Africa,,76301
/home/user/data/geoclip/-18.555164337158203_43.86051177978516_madagascar_2.png,-18.555164337158203,43.86051177978516,madagascar,Africa,,53867
/home/user/data/geoclip/-18.555164337158203_43.86051177978516_madagascar_3.png,-18.555164337158203,43.86051177978516,madagascar,Africa,,54622
/home/user/data/geoclip/-18.555164337158203_43.86051177978516_madagascar_4.png,-18.555164337158203,43.86051177978516,madagascar,Africa,,90312
/home/user/data/geoclip/-18.924148559570312_47.53127670288086_madagascar_1.png,-18.924148559570312,47.53127670288086,madagascar,Africa,,73922
/home/user/data/geoclip/-18.924148559570312_47.53127670288086_madagascar_2.png,-18.924148559570312,47.53127670288086,madagascar,Africa,,111520
/home/user/data/geoclip/-18.924148559570312_47.53127670288086_madagascar_3.png,-18.924148559570312,47.53127670288086,madagascar,Africa,,96709
/home/user/data/geoclip/-18.924148559570312_47.53127670288086_madagascar_4.png,-18.924148559570312,47.53127670288086,madagascar,Africa,,76997
/home/user/data/geoclip/-18.925765991210938_47.53049087524414_madagascar_1.png,-18.925765991210938,47.53049087524414,madagascar,Africa,,85450
/home/user/data/geoclip/-18.925765991210938_47.53049087524414_madagascar_2.png,-18.925765991210938,47.53049087524414,madagascar,Africa,,143921
/home/user/data/geoclip/-18.925765991210938_47.53049087524414_madagascar_3.png,-18.925765991210938,47.53049087524414,madagascar,Africa,,116476
/home/user/data/geoclip/-18.925765991210938_47.53049087524414_madagascar_4.png,-18.925765991210938,47.53049087524414,madagascar,Africa,,81442
/home/user/data/geoclip/-19.163299560546875_-70.17362213134766_chile_1.png,-19.163299560546875,-70.17362213134766,chile,South America,,68337
/home/user/data/geoclip/-19.163299560546875_-70.17362213134766_chile_2.png,-19.163299560546875,-70.17362213134766,chile,South America,,64519
/home/user/data/geoclip/-19.163299560546875_-70.17362213134766_chile_3.png,-19.163299560546875,-70.17362213134766,chile,South America,,58713
/home/user/data/geoclip/-19.163299560546875_-70.17362213134766_chile_4.png,-19.163299560546875,-70.17362213134766,chile,South America,,58928
/home/user/data/geoclip/-2.0696403980255127_-79.78135681152344_ecuador_1.png,-2.0696403980255127,-79.78135681152344,ecuador,South America,,40811
/home/user/data/geoclip/-2.0696403980255127_-79.78135681152344_ecuador_2.png,-2.0696403980255127,-79.78135681152344,ecuador,South America,,44234
/home/user/data/geoclip/-2.0696403980255127_-79.78135681152344_ecuador_3.png,-2.0696403980255127,-79.78135681152344,ecuador,South America,,43300
/home/user/data/geoclip/-2.0696403980255127_-79.78135681152344_ecuador_4.png,-2.0696403980255127,-79.78135681152344,ecuador,South America,,54736
/home/user/data/geoclip/-2.094454050064087_-79.7682876586914_ecuador_1.png,-2.094454050064087,-79.7682876586914,ecuador,South America,,40942
/home/user/data/geoclip/-2.094454050064087_-79.7682876586914_ecuador_2.png,-2.094454050064087,-79.7682876586914,ecuador,South America,,44481
/home/user/data/geoclip/-2.094454050064087_-79.7682876586914_ecuador_3.png,-2.094454050064087,-79.7682876586914,ecuador,South America,,39470
/home/user/data/geoclip/-2.094454050064087_-79.7682876586914_ecuador_4.png,-2.094454050064087,-79.7682876586914,ecuador,South America,,51596
/home/user/data/geoclip/-2.125119209289551_-79.93102264404297_ecuador_1.png,-2.125119209289551,-79.93102264404297,ecuador,South America,,40756
/home/user/data/geoclip/-2.125119209289551_-79.93102264404297_ecuador_2.png,-2.125119209289551,-79.93102264404297,ecuador,South America,,65025
/home/user/data/geoclip/-2.125119209289551_-79.93102264404297_ecuador_3.png,-2.125119209289551,-79.93102264404297,ecuador,South America,,52043
/home/user/data/geoclip/-2.125119209289551_-79.93102264404297_ecuador_4.png,-2.125119209289551,-79.93102264404297,ecuador,South America,,34948
/home/user/data/geoclip/-2.146444082260132_-79.83316802978516_ecuador_1.png,-2.146444082260132,-79.83316802978516,ecuador,South America,,37793
/home/user/data/geoclip/-2.146444082260132_-79.83316802978516_ecuador_2.png,-2.146444082260132,-79.83316802978516,ecuador,South America,,29735
/home/user/data/geoclip/-2.146444082260132_-79.83316802978516_ecuador_3.png,-2.146444082260132,-79.83316802978516,ecuador,South America,,44825
/home/user/data/geoclip/-2.146444082260132_-79.83316802978516_ecuador_4.png,-2.146444082260132,-79.83316802978516,ecuador,South America,,34991
/home/user/data/geoclip/-2.1557366847991943_-79.55823516845703_ecuador_1.png,-2.1557366847991943,-79.55823516845703,ecuador,South America,,66334
/home/user/data/geoclip/-2.1557366847991943_-79.55823516845703_ecuador_2.png,-2.1557366847991943,-79.55823516845703,ecuador,South America,,60096
/home/user/data/geoclip/-2.1557366847991943_-79.55823516845703_ecuador_3.png,-2.1557366847991943,-79.55823516845703,ecuador,South America,,48955
/home/user/data/geoclip/-2.1557366847991943_-79.55823516845703_ecuador_4.png,-2.1557366847991943,-79.55823516845703,ecuador,South America,,45281
/home/user/data/geoclip/-2.156399965286255_-79.83031463623047_ecuador_1.png,-2.156399965286255,-79.83031463623047,ecuador,South America,,66593
/home/user/data/geoclip/-2.156399965286255_-79.83031463623047_ecuador_2.png,-2.156399965286255,-79.83031463623047,ecuador,South America,,44897
/home/user/data/geoclip/-2.156399965286255_-79.83031463623047_ecuador_3.png,-2.156399965286255,-79.83031463623047,ecuador,South America,,53966
/home/user/data/geoclip/-2.156399965286255_-79.83031463623047_ecuador_4.png,-2.156399965286255,-79.83031463623047,ecuador,South America,,69651
/home/user/data/geoclip/-2.1777353286743164_-79.83067321777344_ecuador_1.png,-2.1777353286743164,-79.83067321777344,ecuador,South America,,36585
/home/user/data/geoclip/-2.1777353286743164_-79.83067321777344_ecuador_2.png,-2.1777353286743164,-79.83067321777344,ecuador,South America,,36625
/home/user/data/geoclip/-2.1777353286743164_-79.83067321777344_ecuador_3.png,-2.1777353286743164,-79.83067321777344,ecuador,South America,,35315
/home/user/data/geoclip/-2.1777353286743164_-79.83067321777344_ecuador_4.png,-2.1777353286743164,-79.83067321777344,ecuador,South America,,41928
/home/user/data/geoclip/-2.213048458099365_-79.799072265625_ecuador_1.png,-2.213048458099365,-79.799072265625,ecuador,South America,,69779
/home/user/data/geoclip/-2.213048458099365_-79.799072265625_ecuador_2.png,-2.213048458099365,-79.799072265625,ecuador,South America,,45930
/home/user/data/geoclip/-2.213048458099365_-79.799072265625_ecuador_3.png,-2.213048458099365,-79.799072265625,ecuador,South America,,43288
/home/user/data/geoclip/-2.213048458099365_-79.799072265625_ecuador_4.png,-2.213048458099365,-79.799072265625,ecuador,South America,,37169
/home/user/data/geoclip/-2.230003833770752_36.78881454467773_kenya_1.png,-2.230003833770752,36.78881454467773,kenya,Africa,,73517
/home/user/data/geoclip/-2.230003833770752_36.78881454467773_kenya_2.png,-2.230003833770752,36.78881454467773,kenya,Africa,,88605
/home/user/data/geoclip/-2.230003833770752_36.78881454467773_kenya_3.png,-2.230003833770752,36.78881454467773,kenya,Africa,,56611
/home/user/data/geoclip/-2.230003833770752_36.78881454467773_kenya_4.png,-2.230003833770752,36.78881454467773,kenya,Africa,,74904
/home/user/data/geoclip/-2.24957537651062_-79.64527130126953_ecuador_1.png,-2.24957537651062,-79.64527130126953,ecuador,South America,,55104
/home/user/data/geoclip/-2.24957537651062_-79.64527130126953_ecuador_2.png,-2.24957537651062,-79.64527130126953,ecuador,South America,,44784
/home/user/data/geoclip/-2.24957537651062_-79.64527130126953_ecuador_3.png,-2.24957537651062,-79.64527130126953,ecuador,South America,,38674
/home/user/data/geoclip/-2.24957537651062_-79.64527130126953_ecuador_4.png,-2.24957537651062,-79.64527130126953,ecuador,South America,,40832
/home/user/data/geoclip/-2.294325351715088_-80.22960662841797_ecuador_1.png,-2.294325351715088,-80.22960662841797,ecuador,South America,,57670
/home/user/data/geoclip/-2.294325351715088_-80.22960662841797_ecuador_2.png,-2.294325351715088,-80.22960662841797,ecuador,South America,,48046
/home/user/data/geoclip/-2.294325351715088_-80.22960662841797_ecuador_3.png,-2.294325351715088,-80.22960662841797,ecuador,South America,,47174
/home/user/data/geoclip/-2.294325351715088_-80.22960662841797_ecuador_4.png,-2.294325351715088,-80.22960662841797,ecuador,South America,,49860
/home/user/data/geoclip/-2.2963755130767822_-78.11843872070312_ecuador_1.png,-2.2963755130767822,-78.11843872070312,ecuador,South America,,55014
/home/user/data/geoclip/-2.2963755130767822_-78.11843872070312_ecuador_2.png,-2.2963755130767822,-78.11843872070312,ecuador,South America,,71482
/home/user/data/geoclip/-2.2963755130767822_-78.11843872070312_ecuador_3.png,-2.2963755130767822,-78.11843872070312,ecuador,South America,,68714
/home/user/data/geoclip/-2.2963755130767822_-78.11843872070312_ecuador_4.png,-2.2963755130767822,-78.11843872070312,ecuador,South America,,69797
/home/user/data/geoclip/-2.305544376373291_-79.48316955566406_ecuador_1.png,-2.305544376373291,-79.48316955566406,ecuador,South America,,56871
/home/user/data/geoclip/-2.305544376373291_-79.48316955566406_ecuador_2.png,-2.305544376373291,-79.48316955566406,ecuador,South America,,54853
/home/user/data/geoclip/-2.305544376373291_-79.48316955566406_ecuador_3.png,-2.305544376373291,-79.48316955566406,ecuador,South America,,56674
/home/user/data/geoclip/-2.305544376373291_-79.48316955566406_ecuador_4.png,-2.305544376373291,-79.48316955566406,ecuador,South America,,50114
/home/user/data/geoclip/-2.423748016357422_36.84773254394531_kenya_1.png,-2.423748016357422,36.84773254394531,kenya,Africa,,61042
/home/user/data/geoclip/-2.423748016357422_36.84773254394531_kenya_2.png,-2.423748016357422,36.84773254394531,kenya,Africa,,83712
/home/user/data/geoclip/-2.423748016357422_36.84773254394531_kenya_3.png,-2.423748016357422,36.84773254394531,kenya,Africa,,74571
/home/user/data/geoclip/-2.423748016357422_36.84773254394531_kenya_4.png,-2.423748016357422,36.84773254394531,kenya,Africa,,91936
/home/user/data/geoclip/-2.5155551433563232_38.01882553100586_kenya_1.png,-2.5155551433563232,38.01882553100586,kenya,Africa,,50815
/home/user/data/geoclip/-2.5155551433563232_38.01882553100586_kenya_2.png,-2.5155551433563232,38.01882553100586,kenya,Africa,,69070
/home/user/data/geoclip/-2.5155551433563232_38.01882553100586_kenya_3.png,-2.5155551433563232,38.01882553100586,kenya,Africa,,57987
/home/user/data/geoclip/-2.5155551433563232_38.01882553100586_kenya_4.png,-2.5155551433563232,38.01882553100586,kenya,Africa,,74920
/home/user/data/geoclip/-2.583101749420166_36.901641845703125_kenya_1.png,-2.583101749420166,36.901641845703125,kenya,Africa,,98684
/home/user/data/geoclip/-2.583101749420166_36.901641845703125_kenya_2.png,-2.583101749420166,36.901641845703125,kenya,Africa,,68105
/home/user/data/geoclip/-2.583101749420166_36.901641845703125_kenya_3.png,-2.583101749420166,36.901641845703125,kenya,Africa,,63346
/home/user/data/geoclip/-2.583101749420166_36.901641845703125_kenya_4.png,-2.583101749420166,36.901641845703125,kenya,Africa,,60005
/home/user/data/geoclip/-2.662026643753052_37.29742431640625_kenya_1.png,-2.662026643753052,37.29742431640625,kenya,Africa,,54488
/home/user/data/geoclip/-2.662026643753052_37.29742431640625_kenya_2.png,-2.662026643753052,37.29742431640625,kenya,Africa,,66576
/home/user/data/geoclip/-2.662026643753052_37.29742431640625_kenya_3.png,-2.662026643753052,37.29742431640625,kenya,Africa,,66927
/home/user/data/geoclip/-2.662026643753052_37.29742431640625_kenya_4.png,-2.662026643753052,37.29742431640625,kenya,Africa,,66428
/home/user/data/geoclip/-2.6831488609313965_37.2459602355957_kenya_1.png,-2.6831488609313965,37.2459602355957,kenya,Africa,,57234
/home/user/data/geoclip/-2.6831488609313965_37.2459602355957_kenya_2.png,-2.6831488609313965,37.2459602355957,kenya,Africa,,61296
/home/user/data/geoclip/-2.6831488609313965_37.2459602355957_kenya_3.png,-2.6831488609313965,37.2459602355957,kenya,Africa,,66775
/home/user/data/geoclip/-2.6831488609313965_37.2459602355957_kenya_4.png,-2.6831488609313965,37.2459602355957,kenya,Africa,,63235
/home/user/data/geoclip/-2.8923263549804688_-78.97212219238281_ecuador_1.png,-2.8923263549804688,-78.97212219238281,ecuador,South America,,53625
/home/user/data/geoclip/-2.8923263549804688_-78.97212219238281_ecuador_2.png,-2.8923263549804688,-78.97212219238281,ecuador,South America,,45940
/home/user/data/geoclip/-2.8923263549804688_-78.97212219238281_ecuador_3.png,-2.8923263549804688,-78.97212219238281,ecuador,South America,,47034
/home/user/data/geoclip/-2.8923263549804688_-78.97212219238281_ecuador_4.png,-2.8923263549804688,-78.97212219238281,ecuador,South America,,50183
/home/user/data/geoclip/-2.9136300086975098_-79.02481842041016_ecuador_1.png,-2.9136300086975098,-79.02481842041016,ecuador,South America,,57758
/home/user/data/geoclip/-2.9136300086975098_-79.02481842041016_ecuador_2.png,-2.9136300086975098,-79.02481842041016,ecuador,South America,,60991
/home/user/data/geoclip/-2.9136300086975098_-79.02481842041016_ecuador_3.png,-2.9136300086975098,-79.02481842041016,ecuador,South America,,63008
/home/user/data/geoclip/-2.9136300086975098_-79.02481842041016_ecuador_4.png,-2.9136300086975098,-79.02481842041016,ecuador,South America,,52560
/home/user/data/geoclip/-20.21717643737793_-70.15034484863281_chile_1.png,-20.21717643737793,-70.15034484863281,chile,South America,,63115
/home/user/data/geoclip/-20.21717643737793_-70.15034484863281_chile_2.png,-20.21717643737793,-70.15034484863281,chile,South America,,62322
/home/user/data/geoclip/-20.21717643737793_-70.15034484863281_chile_3.png,-20.21717643737793,-70.15034484863281,chile,South America,,68946
/home/user/data/geoclip/-20.21717643737793_-70.15034484863281_chile_4.png,-20.21717643737793,-70.15034484863281,chile,South America,,54403
/home/user/data/geoclip/-20.292774200439453_44.2698860168457_madagascar_1.png,-20.292774200439453,44.2698860168457,madagascar,Africa,,27301
/home/user/data/geoclip/-20.292774200439453_44.2698860168457_madagascar_2.png,-20.292774200439453,44.2698860168457,madagascar,Africa,,35194
/home/user/data/geoclip/-20.292774200439453_44.2698860168457_madagascar_3.png,-20.292774200439453,44.2698860168457,madagascar,Africa,,29541
/home/user/data/geoclip/-20.292774200439453_44.2698860168457_madagascar_4.png,-20.292774200439453,44.2698860168457,madagascar,Africa,,24674
/home/user/data/geoclip/-20.29313468933105_44.277626037597656_madagascar_1.png,-20.29313468933105,44.277626037597656,madagascar,Africa,,50458
/home/user/data/geoclip/-20.29313468933105_44.277626037597656_madagascar_2.png,-20.29313468933105,44.277626037597656,madagascar,Africa,,47979
/home/user/data/geoclip/-20.29313468933105_44.277626037597656_madagascar_3.png,-20.29313468933105,44.277626037597656,madagascar,Africa,,57896
/home/user/data/geoclip/-20.29313468933105_44.277626037597656_madagascar_4.png,-20.29313468933105,44.277626037597656,madagascar,Africa,,56597
/home/user/data/geoclip/-20.299379348754883_44.26924514770508_madagascar_1.png,-20.299379348754883,44.26924514770508,madagascar,Africa,,81866
/home/user/data/geoclip/-20.299379348754883_44.26924514770508_madagascar_2.png,-20.299379348754883,44.26924514770508,madagascar,Africa,,93069
/home/user/data/geoclip/-20.299379348754883_44.26924514770508_madagascar_3.png,-20.299379348754883,44.26924514770508,madagascar,Africa,,78842
/home/user/data/geoclip/-20.299379348754883_44.26924514770508_madagascar_4.png,-20.299379348754883,44.26924514770508,madagascar,Africa,,86847
/home/user/data/geoclip/-20.303321838378903_-69.04598999023438_chile_1.png,-20.303321838378903,-69.04598999023438,chile,South America,,65074
/home/user/data/geoclip/-20.303321838378903_-69.04598999023438_chile_2.png,-20.303321838378903,-69.04598999023438,chile,South America,,58389
/home/user/data/geoclip/-20.303321838378903_-69.04598999023438_chile_3.png,-20.303321838378903,-69.04598999023438,chile,South America,,66120
/home/user/data/geoclip/-20.303321838378903_-69.04598999023438_chile_4.png,-20.303321838378903,-69.04598999023438,chile,South America,,47925
/home/user/data/geoclip/-20.614505767822266_-69.62165069580078_chile_1.png,-20.614505767822266,-69.62165069580078,chile,South America,,46478
/home/user/data/geoclip/-20.614505767822266_-69.62165069580078_chile_2.png,-20.614505767822266,-69.62165069580078,chile,South America,,60296
/home/user/data/geoclip/-20.614505767822266_-69.62165069580078_chile_3.png,-20.614505767822266,-69.62165069580078,chile,South America,,41834
/home/user/data/geoclip/-20.614505767822266_-69.62165069580078_chile_4.png,-20.614505767822266,-69.62165069580078,chile,South America,,45869
/home/user/data/geoclip/-22.21488380432129_-68.59794616699219_chile_1.png,-22.21488380432129,-68.59794616699219,chile,South America,,47782
/home/user/data/geoclip/-22.21488380432129_-68.59794616699219_chile_2.png,-22.21488380432129,-68.59794616699219,chile,South America,,54537
/home/user/data/geoclip/-22.21488380432129_-68.59794616699219_chile_3.png,-22.21488380432129,-68.59794616699219,chile,South America,,42847
/home/user/data/geoclip/-22.21488380432129_-68.59794616699219_chile_4.png,-22.21488380432129,-68.59794616699219,chile,South America,,55656
/home/user/data/geoclip/-22.235746383666992_43.23691940307617_madagascar_1.png,-22.235746383666992,43.23691940307617,madagascar,Africa,,79191
/home/user/data/geoclip/-22.235746383666992_43.23691940307617_madagascar_2.png,-22.235746383666992,43.23691940307617,madagascar,Africa,,82138
/home/user/data/geoclip/-22.235746383666992_43.23691940307617_madagascar_3.png,-22.235746383666992,43.23691940307617,madagascar,Africa,,78483
/home/user/data/geoclip/-22.235746383666992_43.23691940307617_madagascar_4.png,-22.235746383666992,43.23691940307617,madagascar,Africa,,66826
/home/user/data/geoclip/-22.43998908996582_-68.93167114257812_chile_1.png,-22.43998908996582,-68.93167114257812,chile,South America,,53511
/home/user/data/geoclip/-22.43998908996582_-68.93167114257812_chile_2.png,-22.43998908996582,-68.93167114257812,chile,South America,,46008
/home/user/data/geoclip/-22.43998908996582_-68.93167114257812_chile_3.png,-22.43998908996582,-68.93167114257812,chile,South America,,59779
/home/user/data/geoclip/-22.43998908996582_-68.93167114257812_chile_4.png,-22.43998908996582,-68.93167114257812,chile,South America,,52057
/home/user/data/geoclip/-22.443214416503903_-68.9342269897461_chile_1.png,-22.443214416503903,-68.9342269897461,chile,South America,,62520
/home/user/data/geoclip/-22.443214416503903_-68.9342269897461_chile_2.png,-22.443214416503903,-68.9342269897461,chile,South America,,42829
/home/user/data/geoclip/-22.443214416503903_-68.9342269897461_chile_3.png,-22.443214416503903,-68.9342269897461,chile,South America,,50230
/home/user/data/geoclip/-22.443214416503903_-68.9342269897461_chile_4.png,-22.443214416503903,-68.9342269897461,chile,South America,,65548
/home/user/data/geoclip/-22.46671485900879_-68.93571472167969_chile_1.png,-22.46671485900879,-68.93571472167969,chile,South America,,55205
/home/user/data/geoclip/-22.46671485900879_-68.93571472167969_chile_2.png,-22.46671485900879,-68.93571472167969,chile,South America,,54187
/home/user/data/geoclip/-22.46671485900879_-68.93571472167969_chile_3.png,-22.46671485900879,-68.93571472167969,chile,South America,,52455
/home/user/data/geoclip/-22.46671485900879_-68.93571472167969_chile_4.png,-22.46671485900879,-68.93571472167969,chile,South America,,60355
/home/user/data/geoclip/-22.95543098449707_-70.28689575195312_chile_1.png,-22.95543098449707,-70.28689575195312,chile,South America,,46509
/home/user/data/geoclip/-22.95543098449707_-70.28689575195312_chile_2.png,-22.95543098449707,-70.28689575195312,chile,South America,,71572
/home/user/data/geoclip/-22.95543098449707_-70.28689575195312_chile_3.png,-22.95543098449707,-70.28689575195312,chile,South America,,54015
/home/user/data/geoclip/-22.95543098449707_-70.28689575195312_chile_4.png,-22.95543098449707,-70.28689575195312,chile,South America,,44453
/home/user/data/geoclip/-23.01206016540528_-69.42191314697266_chile_1.png,-23.01206016540528,-69.42191314697266,chile,South America,,56990
/home/user/data/geoclip/-23.01206016540528_-69.42191314697266_chile_2.png,-23.01206016540528,-69.42191314697266,chile,South America,,55267
/home/user/data/geoclip/-23.01206016540528_-69.42191314697266_chile_3.png,-23.01206016540528,-69.42191314697266,chile,South America,,66352
/home/user/data/geoclip/-23.01206016540528_-69.42191314697266_chile_4.png,-23.01206016540528,-69.42191314697266,chile,South America,,51728
/home/user/data/geoclip/-23.19184112548828_-68.00040435791016_chile_1.png,-23.19184112548828,-68.00040435791016,chile,South America,,55792
/home/user/data/geoclip/-23.19184112548828_-68.00040435791016_chile_2.png,-23.19184112548828,-68.00040435791016,chile,South America,,45737
/home/user/data/geoclip/-23.19184112548828_-68.00040435791016_chile_3.png,-23.19184112548828,-68.00040435791016,chile,South America,,32247
/home/user/data/geoclip/-23.19184112548828_-68.00040435791016_chile_4.png,-23.19184112548828,-68.00040435791016,chile,South America,,52222
/home/user/data/geoclip/-23.513545989990234_-70.53624725341797_chile_1.png,-23.513545989990234,-70.53624725341797,chile,South America,,65285
/home/user/data/geoclip/-23.513545989990234_-70.53624725341797_chile_2.png,-23.513545989990234,-70.53624725341797,chile,South America,,58311
/home/user/data/geoclip/-23.513545989990234_-70.53624725341797_chile_3.png,-23.513545989990234,-70.53624725341797,chile,South America,,62995
/home/user/data/geoclip/-23.513545989990234_-70.53624725341797_chile_4.png,-23.513545989990234,-70.53624725341797,chile,South America,,53880
/home/user/data/geoclip/-23.552684783935547_-70.39203643798828_chile_1.png,-23.552684783935547,-70.39203643798828,chile,South America,,53686
/home/user/data/geoclip/-23.552684783935547_-70.39203643798828_chile_2.png,-23.552684783935547,-70.39203643798828,chile,South America,,41114
/home/user/data/geoclip/-23.552684783935547_-70.39203643798828_chile_3.png,-23.552684783935547,-70.39203643798828,chile,South America,,37923
/home/user/data/geoclip/-23.552684783935547_-70.39203643798828_chile_4.png,-23.552684783935547,-70.39203643798828,chile,South America,,37381
/home/user/data/geoclip/-23.615442276000977_-70.37366485595703_chile_1.png,-23.615442276000977,-70.37366485595703,chile,South America,,70524
/home/user/data/geoclip/-23.615442276000977_-70.37366485595703_chile_2.png,-23.615442276000977,-70.37366485595703,chile,South America,,72889
/home/user/data/geoclip/-23.615442276000977_-70.37366485595703_chile_3.png,-23.615442276000977,-70.37366485595703,chile,South America,,67644
/home/user/data/geoclip/-23.615442276000977_-70.37366485595703_chile_4.png,-23.615442276000977,-70.37366485595703,chile,South America,,65395
/home/user/data/geoclip/-23.61868667602539_-70.38672637939453_chile_1.png,-23.61868667602539,-70.38672637939453,chile,South America,,58511
/home/user/data/geoclip/-23.61868667602539_-70.38672637939453_chile_2.png,-23.61868667602539,-70.38672637939453,chile,South America,,52649
/home/user/data/geoclip/-23.61868667602539_-70.38672637939453_chile_3.png,-23.61868667602539,-70.38672637939453,chile,South America,,48382
/home/user/data/geoclip/-23.61868667602539_-70.38672637939453_chile_4.png,-23.61868667602539,-70.38672637939453,chile,South America,,56138
/home/user/data/geoclip/-26.324573516845703_-69.81625366210938_chile_1.png,-26.324573516845703,-69.81625366210938,chile,South America,,74510
/home/user/data/geoclip/-26.324573516845703_-69.81625366210938_chile_2.png,-26.324573516845703,-69.81625366210938,chile,South America,,68080
/home/user/data/geoclip/-26.324573516845703_-69.81625366210938_chile_3.png,-26.324573516845703,-69.81625366210938,chile,South America,,59104
/home/user/data/geoclip/-26.324573516845703_-69.81625366210938_chile_4.png,-26.324573516845703,-69.81625366210938,chile,South America,,64160
/home/user/data/geoclip/-26.888416290283203_-68.4911117553711_chile_1.png,-26.888416290283203,-68.4911117553711,chile,South America,,51519
/home/user/data/geoclip/-26.888416290283203_-68.4911117553711_chile_2.png,-26.888416290283203,-68.4911117553711,chile,South America,,65214
/home/user/data/geoclip/-26.888416290283203_-68.4911117553711_chile_3.png,-26.888416290283203,-68.4911117553711,chile,South America,,77195
/home/user/data/geoclip/-26.888416290283203_-68.4911117553711_chile_4.png,-26.888416290283203,-68.4911117553711,chile,South America,,76741
/home/user/data/geoclip/-26.88873863220215_-69.0302734375_chile_1.png,-26.88873863220215,-69.0302734375,chile,South America,,70816
/home/user/data/geoclip/-26.88873863220215_-69.0302734375_chile_2.png,-26.88873863220215,-69.0302734375,chile,South America,,74805
/home/user/data/geoclip/-26.88873863220215_-69.0302734375_chile_3.png,-26.88873863220215,-69.0302734375,chile,South America,,75085
/home/user/data/geoclip/-26.88873863220215_-69.0302734375_chile_4.png,-26.88873863220215,-69.0302734375,chile,South America,,70539
/home/user/data/geoclip/-27.00000762939453_-69.6419906616211_chile_1.png,-27.00000762939453,-69.6419906616211,chile,South America,,69621
/home/user/data/geoclip/-27.00000762939453_-69.6419906616211_chile_2.png,-27.00000762939453,-69.6419906616211,chile,South America,,88523
/home/user/data/geoclip/-27.00000762939453_-69.6419906616211_chile_3.png,-27.00000762939453,-69.6419906616211,chile,South America,,62413
/home/user/data/geoclip/-27.00000762939453_-69.6419906616211_chile_4.png,-27.00000762939453,-69.6419906616211,chile,South America,,60626
/home/user/data/geoclip/-29.07747459411621_-71.48931884765625_chile_1.png,-29.07747459411621,-71.48931884765625,chile,South America,,59551
/home/user/data/geoclip/-29.07747459411621_-71.48931884765625_chile_2.png,-29.07747459411621,-71.48931884765625,chile,South America,,43893
/home/user/data/geoclip/-29.07747459411621_-71.48931884765625_chile_3.png,-29.07747459411621,-71.48931884765625,chile,South America,,56083
/home/user/data/geoclip/-29.07747459411621_-71.48931884765625_chile_4.png,-29.07747459411621,-71.48931884765625,chile,South America,,60198
/home/user/data/geoclip/-29.45207023620605_-71.28416442871094_chile_1.png,-29.45207023620605,-71.28416442871094,chile,South America,,75111
/home/user/data/geoclip/-29.45207023620605_-71.28416442871094_chile_2.png,-29.45207023620605,-71.28416442871094,chile,South America,,67616
/home/user/data/geoclip/-29.45207023620605_-71.28416442871094_chile_3.png,-29.45207023620605,-71.28416442871094,chile,South America,,94146
/home/user/data/geoclip/-29.45207023620605_-71.28416442871094_chile_4.png,-29.45207023620605,-71.28416442871094,chile,South America,,57847
/home/user/data/geoclip/-29.91245079040528_-71.23621368408203_chile_1.png,-29.91245079040528,-71.23621368408203,chile,South America,,112810
/home/user/data/geoclip/-29.91245079040528_-71.23621368408203_chile_2.png,-29.91245079040528,-71.23621368408203,chile,South America,,96428
/home/user/data/geoclip/-29.91245079040528_-71.23621368408203_chile_3.png,-29.91245079040528,-71.23621368408203,chile,South America,,68969
/home/user/data/geoclip/-29.91245079040528_-71.23621368408203_chile_4.png,-29.91245079040528,-71.23621368408203,chile,South America,,62883
/home/user/data/geoclip/-29.964025497436523_-70.1344985961914_chile_1.png,-29.964025497436523,-70.1344985961914,chile,South America,,96710
/home/user/data/geoclip/-29.964025497436523_-70.1344985961914_chile_2.png,-29.964025497436523,-70.1344985961914,chile,South America,,99275
/home/user/data/geoclip/-29.964025497436523_-70.1344985961914_chile_3.png,-29.964025497436523,-70.1344985961914,chile,South America,,126612
/home/user/data/geoclip/-29.964025497436523_-70.1344985961914_chile_4.png,-29.964025497436523,-70.1344985961914,chile,South America,,124881
/home/user/data/geoclip/-29.96902084350586_-71.31114196777344_chile_1.png,-29.96902084350586,-71.31114196777344,chile,South America,,80002
/home/user/data/geoclip/-29.96902084350586_-71.31114196777344_chile_2.png,-29.96902084350586,-71.31114196777344,chile,South America,,68594
/home/user/data/geoclip/-29.96902084350586_-71.31114196777344_chile_3.png,-29.96902084350586,-71.31114196777344,chile,South America,,60459
/home/user/data/geoclip/-29.96902084350586_-71.31114196777344_chile_4.png,-29.96902084350586,-71.31114196777344,chile,South America,,56092
/home/user/data/geoclip/-29.97024345397949_-71.26211547851562_chile_1.png,-29.97024345397949,-71.26211547851562,chile,South America,,61291
/home/user/data/geoclip/-29.97024345397949_-71.26211547851562_chile_2.png,-29.97024345397949,-71.26211547851562,chile,South America,,80727
/home/user/data/geoclip/-29.97024345397949_-71.26211547851562_chile_3.png,-29.97024345397949,-71.26211547851562,chile,South America,,68669
/home/user/data/geoclip/-29.97024345397949_-71.26211547851562_chile_4.png,-29.97024345397949,-71.26211547851562,chile,South America,,60958
/home/user/data/geoclip/-3.248612403869629_-79.97412109375_ecuador_1.png,-3.248612403869629,-79.97412109375,ecuador,South America,,56793
/home/user/data/geoclip/-3.248612403869629_-79.97412109375_ecuador_2.png,-3.248612403869629,-79.97412109375,ecuador,South America,,64949
/home/user/data/geoclip/-3.248612403869629_-79.97412109375_ecuador_3.png,-3.248612403869629,-79.97412109375,ecuador,South America,,57281
/home/user/data/geoclip/-3.248612403869629_-79.97412109375_ecuador_4.png,-3.248612403869629,-79.97412109375,ecuador,South America,,71474
/home/user/data/geoclip/-3.401723623275757_-79.83291625976562_ecuador_1.png,-3.401723623275757,-79.83291625976562,ecuador,South America,,52104
/home/user/data/geoclip/-3.401723623275757_-79.83291625976562_ecuador_2.png,-3.401723623275757,-79.83291625976562,ecuador,South America,,63065
/home/user/data/geoclip/-3.401723623275757_-79.83291625976562_ecuador_3.png,-3.401723623275757,-79.83291625976562,ecuador,South America,,53250
/home/user/data/geoclip/-3.401723623275757_-79.83291625976562_ecuador_4.png,-3.401723623275757,-79.83291625976562,ecuador,South America,,67667
/home/user/data/geoclip/-3.4541115760803223_-79.97038269042969_ecuador_1.png,-3.4541115760803223,-79.97038269042969,ecuador,South America,,62317
/home/user/data/geoclip/-3.4541115760803223_-79.97038269042969_ecuador_2.png,-3.4541115760803223,-79.97038269042969,ecuador,South America,,45752
/home/user/data/geoclip/-3.4541115760803223_-79.97038269042969_ecuador_3.png,-3.4541115760803223,-79.97038269042969,ecuador,South America,,55863
/home/user/data/geoclip/-3.4541115760803223_-79.97038269042969_ecuador_4.png,-3.4541115760803223,-79.97038269042969,ecuador,South America,,52350
/home/user/data/geoclip/-3.609299659729004_-80.02945709228516_ecuador_1.png,-3.609299659729004,-80.02945709228516,ecuador,South America,,95120
/home/user/data/geoclip/-3.609299659729004_-80.02945709228516_ecuador_2.png,-3.609299659729004,-80.02945709228516,ecuador,South America,,99158
/home/user/data/geoclip/-3.609299659729004_-80.02945709228516_ecuador_3.png,-3.609299659729004,-80.02945709228516,ecuador,South America,,118787
/home/user/data/geoclip/-3.609299659729004_-80.02945709228516_ecuador_4.png,-3.609299659729004,-80.02945709228516,ecuador,South America,,102944
/home/user/data/geoclip/-3.7578182220458975_-79.84259033203125_ecuador_1.png,-3.7578182220458975,-79.84259033203125,ecuador,South America,,83567
/home/user/data/geoclip/-3.7578182220458975_-79.84259033203125_ecuador_2.png,-3.7578182220458975,-79.84259033203125,ecuador,South America,,53453
/home/user/data/geoclip/-3.7578182220458975_-79.84259033203125_ecuador_3.png,-3.7578182220458975,-79.84259033203125,ecuador,South America,,68976
/home/user/data/geoclip/-3.7578182220458975_-79.84259033203125_ecuador_4.png,-3.7578182220458975,-79.84259033203125,ecuador,South America,,66483
/home/user/data/geoclip/-3.87485671043396_39.80281829833984_kenya_1.png,-3.87485671043396,39.80281829833984,kenya,Africa,,54802
/home/user/data/geoclip/-3.87485671043396_39.80281829833984_kenya_2.png,-3.87485671043396,39.80281829833984,kenya,Africa,,63661
/home/user/data/geoclip/-3.87485671043396_39.80281829833984_kenya_3.png,-3.87485671043396,39.80281829833984,kenya,Africa,,44247
/home/user/data/geoclip/-3.87485671043396_39.80281829833984_kenya_4.png,-3.87485671043396,39.80281829833984,kenya,Africa,,63813
/home/user/data/geoclip/-3.983148097991944_-80.02982330322266_ecuador_1.png,-3.983148097991944,-80.02982330322266,ecuador,South America,,52964
/home/user/data/geoclip/-3.983148097991944_-80.02982330322266_ecuador_2.png,-3.983148097991944,-80.02982330322266,ecuador,South America,,79580
/home/user/data/geoclip/-3.983148097991944_-80.02982330322266_ecuador_3.png,-3.983148097991944,-80.02982330322266,ecuador,South America,,56321
/home/user/data/geoclip/-3.983148097991944_-80.02982330322266_ecuador_4.png,-3.983148097991944,-80.02982330322266,ecuador,South America,,68816
/home/user/data/geoclip/-3.990187883377075_39.57994842529297_kenya_1.png,-3.990187883377075,39.57994842529297,kenya,Africa,,78126
/home/user/data/geoclip/-3.990187883377075_39.57994842529297_kenya_2.png,-3.990187883377075,39.57994842529297,kenya,Africa,,46774
/home/user/data/geoclip/-3.990187883377075_39.57994842529297_kenya_3.png,-3.990187883377075,39.57994842529297,kenya,Africa,,55186
/home/user/data/geoclip/-3.990187883377075_39.57994842529297_kenya_4.png,-3.990187883377075,39.57994842529297,kenya,Africa,,39422
/home/user/data/geoclip/-30.14958572387696_-70.38436889648438_chile_1.png,-30.14958572387696,-70.38436889648438,chile,South America,,94219
/home/user/data/geoclip/-30.14958572387696_-70.38436889648438_chile_2.png,-30.14958572387696,-70.38436889648438,chile,South America,,84915
/home/user/data/geoclip/-30.14958572387696_-70.38436889648438_chile_3.png,-30.14958572387696,-70.38436889648438,chile,South America,,85262
/home/user/data/geoclip/-30.14958572387696_-70.38436889648438_chile_4.png,-30.14958572387696,-70.38436889648438,chile,South America,,105963
/home/user/data/geoclip/-30.159818649291992_-71.37037658691406_chile_1.png,-30.159818649291992,-71.37037658691406,chile,South America,,62612
/home/user/data/geoclip/-30.159818649291992_-71.37037658691406_chile_2.png,-30.159818649291992,-71.37037658691406,chile,South America,,71469
/home/user/data/geoclip/-30.159818649291992_-71.37037658691406_chile_3.png,-30.159818649291992,-71.37037658691406,chile,South America,,72209
/home/user/data/geoclip/-30.159818649291992_-71.37037658691406_chile_4.png,-30.159818649291992,-71.37037658691406,chile,South America,,72657
/home/user/data/geoclip/-30.83245849609375_-71.03012084960938_chile_1.png,-30.83245849609375,-71.03012084960938,chile,South America,,82113
/home/user/data/geoclip/-30.83245849609375_-71.03012084960938_chile_2.png,-30.83245849609375,-71.03012084960938,chile,South America,,96413
/home/user/data/geoclip/-30.83245849609375_-71.03012084960938_chile_3.png,-30.83245849609375,-71.03012084960938,chile,South America,,71589
/home/user/data/geoclip/-30.83245849609375_-71.03012084960938_chile_4.png,-30.83245849609375,-71.03012084960938,chile,South America,,81062
/home/user/data/geoclip/-31.380823135375977_-71.21985626220703_chile_1.png,-31.380823135375977,-71.21985626220703,chile,South America,,73631
/home/user/data/geoclip/-31.380823135375977_-71.21985626220703_chile_2.png,-31.380823135375977,-71.21985626220703,chile,South America,,87843
/home/user/data/geoclip/-31.380823135375977_-71.21985626220703_chile_3.png,-31.380823135375977,-71.21985626220703,chile,South America,,74653
/home/user/data/geoclip/-31.380823135375977_-71.21985626220703_chile_4.png,-31.380823135375977,-71.21985626220703,chile,South America,,77867
/home/user/data/geoclip/-31.858911514282227_-71.51298522949219_chile_1.png,-31.858911514282227,-71.51298522949219,chile,South America,,72438
/home/user/data/geoclip/-31.858911514282227_-71.51298522949219_chile_2.png,-31.858911514282227,-71.51298522949219,chile,South America,,72690
/home/user/data/geoclip/-31.858911514282227_-71.51298522949219_chile_3.png,-31.858911514282227,-71.51298522949219,chile,South America,,71427
/home/user/data/geoclip/-31.858911514282227_-71.51298522949219_chile_4.png,-31.858911514282227,-71.51298522949219,chile,South America,,49086
/home/user/data/geoclip/-32.8052864074707_-70.62101745605469_chile_1.png,-32.8052864074707,-70.62101745605469,chile,South America,,52674
/home/user/data/geoclip/-32.8052864074707_-70.62101745605469_chile_2.png,-32.8052864074707,-70.62101745605469,chile,South America,,55181
/home/user/data/geoclip/-32.8052864074707_-70.62101745605469_chile_3.png,-32.8052864074707,-70.62101745605469,chile,South America,,65672
/home/user/data/geoclip/-32.8052864074707_-70.62101745605469_chile_4.png,-32.8052864074707,-70.62101745605469,chile,South America,,49925
/home/user/data/geoclip/-32.96475982666016_-71.5214614868164_chile_1.png,-32.96475982666016,-71.5214614868164,chile,South America,,45782
/home/user/data/geoclip/-32.96475982666016_-71.5214614868164_chile_2.png,-32.96475982666016,-71.5214614868164,chile,South America,,65891
/home/user/data/geoclip/-32.96475982666016_-71.5214614868164_chile_3.png,-32.96475982666016,-71.5214614868164,chile,South America,,68200
/home/user/data/geoclip/-32.96475982666016_-71.5214614868164_chile_4.png,-32.96475982666016,-71.5214614868164,chile,South America,,41874
/home/user/data/geoclip/-33.021907806396484_-71.54176330566406_chile_1.png,-33.021907806396484,-71.54176330566406,chile,South America,,103289
/home/user/data/geoclip/-33.021907806396484_-71.54176330566406_chile_2.png,-33.021907806396484,-71.54176330566406,chile,South America,,120077
/home/user/data/geoclip/-33.021907806396484_-71.54176330566406_chile_3.png,-33.021907806396484,-71.54176330566406,chile,South America,,121047
/home/user/data/geoclip/-33.021907806396484_-71.54176330566406_chile_4.png,-33.021907806396484,-71.54176330566406,chile,South America,,99282
/home/user/data/geoclip/-33.03792190551758_-71.59269714355469_chile_1.png,-33.03792190551758,-71.59269714355469,chile,South America,,69246
/home/user/data/geoclip/-33.03792190551758_-71.59269714355469_chile_2.png,-33.03792190551758,-71.59269714355469,chile,South America,,101380
/home/user/data/geoclip/-33.03792190551758_-71.59269714355469_chile_3.png,-33.03792190551758,-71.59269714355469,chile,South America,,137562
/home/user/data/geoclip/-33.03792190551758_-71.59269714355469_chile_4.png,-33.03792190551758,-71.59269714355469,chile,South America,,88545
/home/user/data/geoclip/-33.045433044433594_-71.58700561523438_chile_1.png,-33.045433044433594,-71.58700561523438,chile,South America,,66407
/home/user/data/geoclip/-33.045433044433594_-71.58700561523438_chile_2.png,-33.045433044433594,-71.58700561523438,chile,South America,,71305
/home/user/data/geoclip/-33.045433044433594_-71.58700561523438_chile_3.png,-33.045433044433594,-71.58700561523438,chile,South America,,83752
/home/user/data/geoclip/-33.045433044433594_-71.58700561523438_chile_4.png,-33.045433044433594,-71.58700561523438,chile,South America,,78204
/home/user/data/geoclip/-33.051029205322266_-71.39820861816406_chile_1.png,-33.051029205322266,-71.39820861816406,chile,South America,,68437
/home/user/data/geoclip/-33.051029205322266_-71.39820861816406_chile_2.png,-33.051029205322266,-71.39820861816406,chile,South America,,76241
/home/user/data/geoclip/-33.051029205322266_-71.39820861816406_chile_3.png,-33.051029205322266,-71.39820861816406,chile,South America,,76909
/home/user/data/geoclip/-33.051029205322266_-71.39820861816406_chile_4.png,-33.051029205322266,-71.39820861816406,chile,South America,,96367
/home/user/data/geoclip/-33.254356384277344_-70.70751953125_chile_1.png,-33.254356384277344,-70.70751953125,chile,South America,,64176
/home/user/data/geoclip/-33.254356384277344_-70.70751953125_chile_2.png,-33.254356384277344,-70.70751953125,chile,South America,,128921
/home/user/data/geoclip/-33.254356384277344_-70.70751953125_chile_3.png,-33.254356384277344,-70.70751953125,chile,South America,,107711
/home/user/data/geoclip/-33.254356384277344_-70.70751953125_chile_4.png,-33.254356384277344,-70.70751953125,chile,South America,,70522
/home/user/data/geoclip/-33.26858901977539_-70.73187255859375_chile_1.png,-33.26858901977539,-70.73187255859375,chile,South America,,86134
/home/user/data/geoclip/-33.26858901977539_-70.73187255859375_chile_2.png,-33.26858901977539,-70.73187255859375,chile,South America,,87226
/home/user/data/geoclip/-33.26858901977539_-70.73187255859375_chile_3.png,-33.26858901977539,-70.73187255859375,chile,South America,,108100
/home/user/data/geoclip/-33.26858901977539_-70.73187255859375_chile_4.png,-33.26858901977539,-70.73187255859375,chile,South America,,70526
/home/user/data/geoclip/-33.30616760253906_-71.53201293945312_chile_1.png,-33.30616760253906,-71.53201293945312,chile,South America,,80421
/home/user/data/geoclip/-33.30616760253906_-71.53201293945312_chile_2.png,-33.30616760253906,-71.53201293945312,chile,South America,,80133
/home/user/data/geoclip/-33.30616760253906_-71.53201293945312_chile_3.png,-33.30616760253906,-71.53201293945312,chile,South America,,154887
/home/user/data/geoclip/-33.30616760253906_-71.53201293945312_chile_4.png,-33.30616760253906,-71.53201293945312,chile,South America,,82559
/home/user/data/geoclip/-33.33998107910156_-70.71979522705078_chile_1.png,-33.33998107910156,-70.71979522705078,chile,South America,,107219
/home/user/data/geoclip/-33.33998107910156_-70.71979522705078_chile_2.png,-33.33998107910156,-70.71979522705078,chile,South America,,96440
/home/user/data/geoclip/-33.33998107910156_-70.71979522705078_chile_3.png,-33.33998107910156,-70.71979522705078,chile,South America,,102334
/home/user/data/geoclip/-33.33998107910156_-70.71979522705078_chile_4.png,-33.33998107910156,-70.71979522705078,chile,South America,,91052
/home/user/data/geoclip/-33.35919189453125_-70.53382110595703_chile_1.png,-33.35919189453125,-70.53382110595703,chile,South America,,48319
/home/user/data/geoclip/-33.35919189453125_-70.53382110595703_chile_2.png,-33.35919189453125,-70.53382110595703,chile,South America,,68283
/home/user/data/geoclip/-33.35919189453125_-70.53382110595703_chile_3.png,-33.35919189453125,-70.53382110595703,chile,South America,,73285
/home/user/data/geoclip/-33.35919189453125_-70.53382110595703_chile_4.png,-33.35919189453125,-70.53382110595703,chile,South America,,78580
/home/user/data/geoclip/-33.3627815246582_-70.7257308959961_chile_1.png,-33.3627815246582,-70.7257308959961,chile,South America,,88925
/home/user/data/geoclip/-33.3627815246582_-70.7257308959961_chile_2.png,-33.3627815246582,-70.7257308959961,chile,South America,,101305
/home/user/data/geoclip/-33.3627815246582_-70.7257308959961_chile_3.png,-33.3627815246582,-70.7257308959961,chile,South America,,86185
/home/user/data/geoclip/-33.3627815246582_-70.7257308959961_chile_4.png,-33.3627815246582,-70.7257308959961,chile,South America,,71243
/home/user/data/geoclip/-33.36603927612305_-71.3096923828125_chile_1.png,-33.36603927612305,-71.3096923828125,chile,South America,,69883
/home/user/data/geoclip/-33.36603927612305_-71.3096923828125_chile_2.png,-33.36603927612305,-71.3096923828125,chile,South America,,49836
/home/user/data/geoclip/-33.36603927612305_-71.3096923828125_chile_3.png,-33.36603927612305,-71.3096923828125,chile,South America,,43512
/home/user/data/geoclip/-33.36603927612305_-71.3096923828125_chile_4.png,-33.36603927612305,-71.3096923828125,chile,South America,,46398
/home/user/data/geoclip/-33.37306213378906_-70.69071960449219_chile_1.png,-33.37306213378906,-70.69071960449219,chile,South America,,84325
/home/user/data/geoclip/-33.37306213378906_-70.69071960449219_chile_2.png,-33.37306213378906,-70.69071960449219,chile,South America,,97121
/home/user/data/geoclip/-33.37306213378906_-70.69071960449219_chile_3.png,-33.37306213378906,-70.69071960449219,chile,South America,,89375
